E457CA;En venta casa de Lujo en Las Palmas;Excelente estado;Las Palmas, Las palmas, Santa Cruz;¡Preguntale!;4;3;600 m2;1;650 m2;2;U$S 850.000
Q67923;CASA EN VENTA EN LAS PALMAS;Excelente estado;ENTRE 3ER Y 4TO ANILLO C/ BAHIA CACERES Y CAPARUS , Las palmas, Santa Cruz;¡Preguntale!;4;3;726 m2;1;¡Preguntale!;2;U$S 685.000
WC49A9;CASA EN VENTA, IRPAVI;Buen estado;CALLE 18 Y OVANDO, Irpavi, La Paz;¡Preguntale!;3;3;643 m2;1;643 m2;3;U$S 449.000
Z7FD7E;Casa en venta sobre Av. Canal Isuto;Excelente estado;sobre Av. Canal Isuto entre 4to y 5to anillo, Norte, Santa Cruz;¡Preguntale!;5;2;194 m2;1;194 m2;¡Preguntale!;U$S 139.000
OF956B;casa a estrenar, 4 dormitorios, Condominio Los Parques 3, Urubo;A estrenar;condominio Los parques 3, Urubó, Santa Cruz;¡Preguntale!;4;3;158 m2;2;158 m2;1;U$S 149.000
EC6E32;CASA EN VENTA EN EL BARRIO URBARI;Excelente estado;2DO ANILLO ENTRE C/ BARASEA Y ARUMA, Urbari, Santa Cruz;¡Preguntale!;4;3;586 m2;1;383 m2;2;U$S 405.000
NF40A2;ESPECTACULAR CASA EN EL URUBÓ.!!;Excelente estado;Buen Retiro, Urubó, Santa Cruz;2016;4;3;25.000 m2;1;824 m2;3;U$S 1.750.000
M5D615;EN VENTA CASA CONDOMINIO BARCELO;Excelente estado;Av. Banzer Km 9, Remanso, Santa Cruz;¡Preguntale!;5;3;422 m2;2;303 m2;2;U$S 210.000
ZE1EF5;PRECIOSOS TOWNHOUSE DE LUJO EN VENTA CONDOMINIO “JARDINES DEL NORTE VI”;A estrenar;Av. Banzer y 8vo. Anillo., Remanso, Santa Cruz;¡Preguntale!;3;3;210 m2;1;210 m2;2;U$S 206.000
M178A7;CASA EN VENTA ZONA NORTE;Excelente estado;Av. Cristo Redentor, Cond. Sevilla Norte II, Norte, Santa Cruz;2009;3;3;304 m2;1;116 m2;1;U$S 99.000
J6CCCF;CASAS PRE VENTA ZONA NORTE;En construcción;AV ALEMANA 9° ANILLO, Norte, Santa Cruz;2022;3;3;255 m2;2;225 m2;2;U$S 156.500
ZA4673;EN VENTA A ESTRENAR HERMOSA CASA con PISCINA Condominio Ciudad Jardín;A estrenar;6to anillo, Norte, Santa Cruz;2022;3;3;414 m2;2;350 m2;2;U$S 370.000
M8FDB1;Casa en Venta Barrio Las Palmas;Excelente estado;Barrio Las Palmas, Oeste, Santa Cruz;2010;3;3;296 m2;2;165 m2;2;U$S 265.000
LEDD47;Casa en condominio Almería Sumuqué. Av. Banzer Km 8;Excelente estado;Avenida Banzer Km 8, Norte, Santa Cruz;2019;3;3;635 m2;2;431 m2;3;U$S 750.000
LBE85C;Casa de lujo en venta Totalmente amoblada. Condominio El Paraíso;Excelente estado;Colinas Urubo El Paraiso, Urubó, Santa Cruz;2020;5;3;2.085 m2;2;850 m2;3;U$S 1.200.000
C9C3F9;CASA DE LUJO EN VENTA ZONA SAGUAPAC SEGUNDO ANILLO;Excelente estado;2do anillo Barrio Braniff, Sur, Santa Cruz;2017;5;3;1.054 m2;1;560 m2;3;U$S 450.000
Z81AC9;CASA EN VENTA Y/O ALQUILER PARA EMPRESA;Excelente estado;AV. SANTA CRUZ (2do. ANILLO) Y AV. BRASIL, Este, Santa Cruz;2012;3;3;720 m2;1;567 m2;3;U$S 600.000
XAAE36;CASA DE LUJO EN VENTA BARRIO URBARI;Excelente estado;Calle Aruma, Urbari, Santa Cruz;2018;3;3;557 m2;2;327 m2;3;U$S 400.000
A38C94;En venta casa en el Condominio Ciudad Jardín;Excelente estado;Av. Banzer 6to anillo, Norte, Santa Cruz;¡Preguntale!;3;3;417 m2;1;220 m2;2;U$S 249.000
V44B14;Casa en venta en Remanso;Excelente estado;Zona Remanso , Remanso, Santa Cruz;¡Preguntale!;3;3;393 m2;1;143 m2;2;U$S 168.000
F5A9ED;CASA EN VENTA - Zona Doble Vía La Guardia;Sin Definir;Av. Perimetral - Barrio Los Bosques , Doble via la guardia, Santa Cruz;2000;2;1;746 m2;1;271 m2;3;U$S 265.000
V1E5F3;Casa en venta en Condominio la casona;Excelente estado;Av. virgen de cotoca , Este, Santa Cruz;¡Preguntale!;3;3;208 m2;1;489 m2;1;U$S 120.000
P780DD;CASA EN VENTA VALLE SANCHEZ;Excelente estado;Valle Sanchez, Norte, Santa Cruz;¡Preguntale!;3;2;275 m2;1;100 m2;¡Preguntale!;U$S 55.000
SAA107;Casa en Venta Barrio Hamacas;Excelente estado;Av. Beni entre 3er y 4to anillo , Hamacas, Santa Cruz;¡Preguntale!;3;3;325 m2;1;210 m2;2;U$S 268.000
L3E19E;SEVILLA LOS JARDINES - CHURRASQUERA;Excelente estado;COND. LOS JARDINES, KM 10 AL NORTE, Norte, Santa Cruz;4;3;2;220 m2;1;130 m2;2;U$S 135.000
W66260;EN SEVILLA REAL - 3 DORM + GALERIA;A estrenar;KM 9 AL NORTE, AV INTERNACIONAL, Norte, Santa Cruz;3;3;2;266 m2;1;153 m2;2;U$S 126.000
W439D4;CASA CENTRICA CON LOCAL COMERCIAL, AV VIEDMA;Excelente estado;CALLE BALLIVIAN, A 2 CUADRAS DE LA AV. VIEDMA, Centro, Santa Cruz;5;3;2;351 m2;1;220 m2;3;U$S 275.000
EEF282;CASA ZONA SUD OESTE;A estrenar;Entre Av. Moscu y Olímpica 8vo. Anillo, Oeste, Santa Cruz;2022;3;2;176 m2;1;105 m2;2;U$S 69.000
N45301;CASA EN VENTA ZONA NORTE;Excelente estado;Entre Av. Cristo Redentor y Prolongacion Av. Beni entre 8vo. y 9no. Anillo, Norte, Santa Cruz;2011;3;3;310 m2;1;166 m2;2;U$S 120.000
G3CB3B;CASAS DE 3 DORMITORIOS A ESTRENAR;A estrenar;8VO anillo entre Av. Beni y Av. Alemana , Norte, Santa Cruz;2022;3;3;190 m2;1;155 m2;2;U$S 107.000
GDBFA3;HERMOSA CASA EN EL URUBO;A estrenar;Jardines del urubo II, Urubó, Santa Cruz;¡Preguntale!;5;3;800 m2;1;530 m2;3;U$S 595.000
AFAE21;Inmueble en venta sobre doble vía casi 4to anillo;Excelente estado;Doble vía la guardia 4to anillo, Oeste, Santa Cruz;2010;4;3;2.030 m2;2;1 m2;3;U$S 1.950.000
V4B1D8;Casa de lujo totalmente amoblada La Hacienda del Urubo;Excelente estado;Hacienda del Urubo, Urubó, Santa Cruz;2021;4;3;732 m2;2;565 m2;3;U$S 850.000
PE2873;En Urubo Green Condominio bella casa en venta.;Excelente estado;Urubo Green, Urubó, Santa Cruz;2021;3;3;754 m2;2;524 m2;3;U$S 580.000
U7C10E;CASA NUEVA CONDOMINIO LAS BRISAS;Excelente estado;Av. Banzer Km. 9 , Norte, Santa Cruz;2021;4;3;453 m2;2;410 m2;2;U$S 350.000
OE0EA6;Casa de lujo en venta zona sur.;Excelente estado;Av. Francisco Mora y Av. San Aurelio y 2do anillo, Sur, Santa Cruz;2020;5;3;370 m2;3;437 m2;3;U$S 550.000
BE4C5D;Hermosa casa en el “TRIÁNGULO DE ORO” Equipetrol Norte;Excelente estado;Equipetrol Norte, Norte, Santa Cruz;2018;4;3;314 m2;2;247 m2;2;U$S 435.000
N7C48D;Hermosa casa Barrio Las Palmas sobre 4to anillo en venta.;Excelente estado;Barrio Las Palmas 4to anillo, Oeste, Santa Cruz;2010;4;3;886 m2;2;448 m2;2;U$S 595.000
E74F1E;Tu casa nueva con vista a los jardines del condominio!;En construcción;Octavo anillo entre Av. Virgen de Cotoca y Av. Montecristo, Este, Santa Cruz;2023;3;3;260 m2;1;135 m2;1;U$S 85.000
XE68C4;Tu casa nueva con vista a los jardines del condominio!;En construcción;Octavo anillo entre Av. Virgen de Cotoca y Av. Montecristo, Este, Santa Cruz;2023;3;3;260 m2;2;135 m2;1;U$S 85.000
F9E08D;Casa UNO en condominio, en pre venta;En construcción;Octavo anillo entre Av. Virgen de Cotoca y Av. Montecristo, Este, Santa Cruz;2022;3;3;260 m2;2;135 m2;2;U$S 85.000
N38CA1;Tu casa nueva en 360m2, en zona noreste;A estrenar;Octavo Anillo, Avenida Montecristo y Avenida Internacional, Este, Santa Cruz;2021;3;2;360 m2;1;126 m2;3;U$S 94.000
B8EC3E;Casa a estrenar, con 360m2, zona noreste;A estrenar;Octavo Anillo (Av. Internacional) y Av. Montecristo, frente al Hospital Municipal de Segundo Nivel, Este, Santa Cruz;2021;3;2;360 m2;1;126 m2;2;U$S 94.000
BF5EF3;En condominio $us 88.000 (terreno amplio);A estrenar;Av. Virgen de Cotoca, octavo anillo, , Este, Santa Cruz;2016;3;2;451 m2;1;112 m2;2;U$S 88.000
L7E36A;Hermosa casa en Tiquipaya;Excelente estado;Tiquipaya, Cochabamba;2018;4;3;512 m2;2;210 m2;3;U$S 190.000
W3A1C5;Propietario vende de ocasion muy por debajo del avaluo;A estrenar;Cond. Casa campo, Remanso, Santa Cruz;2022;3;3;230 m2;2;213 m2;3;U$S 134.900
G41DD2;DE OCASIÓN en EL ALTO! Remate de Hermosa Casa de 3 Pisos;Excelente estado;Mz. K Calle 5 Patio 33 Viviendas Mercado El Carmen, Rio Seco, El alto;2005;5;2;¡Preguntale!;3;273 m2;1;U$S 110.000
XD3B9E;Inmueble con local comercial en el 2do anillo;Buen estado;Av. Cristobal de Mendoza 265, Norte, Santa Cruz;¡Preguntale!;¡Preguntale!;3;998 m2;1;661 m2;3;U$S 1.300.000
D6015E;Hermosa Casa en Ciudad Jardin;Excelente estado;Sexto anillo y Av. Banzer , Norte, Santa Cruz;¡Preguntale!;4;3;414 m2;2;350 m2;3;U$S 360.000
X8EE8C;Casa&Estilo Norte Verde;A estrenar;urbanización Norte Verde, km 9,5, Norte, Santa Cruz;2022;3;3;300 m2;1;124 m2;2;U$S 80.000
N3CDBE;CASA EN CALLE HERMANOS MANCHEGO;Buen estado;Calle Hermanos Manchego. Entre calle Pedro Salazar y Avenida Arce, San Jorge, La Paz;1970;None;3;350 m2;2;294 m2;1;U$S 410.000
I19632;Casa en el mejor clima de La Paz, Carreras lado huajchilla.;A estrenar;Hermosa casa multifamiliar, centro carreras, rio abajo., Mecapaca, La Paz;2022;5;3;¡Preguntale!;3;660 m2;3;U$S 165.000
P96E43;HERMOSA CASA VENTA Av VILLAZON KM3;Excelente estado;AV VILLAZON KM3 ENTRANDO A LA AV CHAPARE CERCANO AL HIPERMAXI , Sacaba, Cochabamba;2020;5;3;195 m2;3;297 m2;3;U$S 160.000
CC3383;Calle Cañada Strongest entre calles Canadá y Platanillos;Excelente estado;Calle Cañada Strongest 355 entre calles Canadá y Platanillos , Centro, Santa Cruz;2013;4;3;222 m2;1;280 m2;2;U$S 249.000
L788B1;Zona EL Palmar - Barrio San Francisco Sur - 7mo anillo Avenida Bolivia;Sin Definir;Sur, Santa Cruz;2022;3;2;211 m2;1;115 m2;1;U$S 69.900
B9A47F;Casa En Venta;Buen estado;Avenida 4 de Octubre; Barrio Ñuflo de Chávez, Sur, Santa Cruz;2018;4;3;300 m2;2;185 m2;2;U$S 87.000
ZB634F;* HERMOSA CASA, 4 DORM.-URUBO * CONDOMINIO SANTA CRUZ DE LA COLINA;Excelente estado;Condominio Santa Cruz de la Colina Mza 52 Casa 8A, Urubó, Santa Cruz;2018;4;3;364 m2;2;325 m2;3;U$S 239.000
BDEDF9;Gran Casa DE UN PISO, PUEDE SER EDIFICIO 11 pisos o COMERCIAL GRAN PARQUEADERO;Excelente estado;Muyurina, Cochabamba;¡Preguntale!;4;2;651 m2;1;236 m2;3;U$S 570.000
L35003;CONDOMINIO MYKONOS, en una ubicacion estrategica, con casas amplias, frescas.;A estrenar;Regimiento Lanza, Esq. San Mateo Nr. 60, Sur, Santa Cruz;2021;2;3;103 m2;2;158 m2;2;U$S 134.990
F73EC7;Casa Urb. Adelita Km 15 Doble Via la Guardia;A estrenar;Doble Via la Guardia Km 15. Urbanizacion Adelita, Sur, Santa Cruz;2022;2;1;360 m2;1;72 m2;3;U$S 40.000
P95F6E;Casa en Condominio Le Parc la Costanera, Radial 26 entre 5to y 6to anillo;Excelente estado;Condominio Le Parc la Costanera, Radial 26 entre 5to y 6to anillo, cerca de la avenida Cristo Redentor y barrio Equipetrol, Norte, Santa Cruz;2021;4;3;300 m2;2;300 m2;2;U$S 257.000
IFA6F3;Av. Santos Dumont y Av. Tomás de Lezo;Sin Definir;Sur, Santa Cruz;2021;5;3;548 m2;¡Preguntale!;543 m2;4;U$S 379.000
NEB355;Achumani - Cóndores Lakota;Excelente estado;Lomas de Achumani - Cóndores Lakota, Achumani, La Paz;2013;3;3;351 m2;2;254 m2;2;U$S 209.000
GB0245;CASA EN BUENA UBICACIÓN AV ALEMANIA 3ER EXTERNO;Buen estado;A UNA CUADRA DE LA AV ALEMANIA Y 3ERO EXTERNO, Norte, Santa Cruz;¡Preguntale!;5;3;300 m2;1;195 m2;1;U$S 220.000
H4346C;Condominio Colinas Verdes Lomas de Achumani;Sin Definir;Achumani, La Paz;2011;3;3;322 m2;2;255 m2;2;U$S 285.000
D78FE1;CASA EN VENTA A ESTRENAR EN COND. BRISAS DEL NORTE 2;A estrenar;Av. Cristo Redentor Km 8,5 , Norte, Santa Cruz;2021;3;3;220 m2;2;190 m2;2;U$S 135.000
T2E17D;Hermosa Casa en Venta - Colinas del Urubó II;Excelente estado;Colinas del Urubó II- San Javierito calle 17B, Urubó, Santa Cruz;2014;4;3;1.597 m2;1;501 m2;1;U$S 670.000
T78417;Condominio Bella Vista;Excelente estado;Condominio Bella Vista. Carretera Cotoca Km 4, Este, Santa Cruz;2006;4;3;450 m2;2;386 m2;1;U$S 229.000
B1ADBE;DUEÑO VENDE HERMOSA CASA DE CAMPO EN VINTO - COCHABAMBA;Excelente estado;VINTO Km 18 1/2 a 3 cuadras de la Carretera - Lado Norte, Quillacollo, Cochabamba;2005;4;3;3.425 m2;2;379 m2;3;U$S 480.000
QE0F16;Casa en venta condominio cerrado Virgen de Guadalupe;Excelente estado;Av.santos Dumont y Séptimo anillo, Oeste, Santa Cruz;¡Preguntale!;3;3;233 m2;1;110 m2;1;U$S 77.000
E682C2;Av. Banzer, entre 3er y 4to anillo;Sin Definir;Norte, Santa Cruz;2005;4;3;411 m2;¡Preguntale!;239 m2;2;U$S 280.000
W75EAD;CASA EN VENTA EN EXCELENTE ZONA CENTRICA SANTA CRUZ - BOLIVIA;Buen estado;Barrio Santa Rosita Calle Pulquina n°542, Oeste, Santa Cruz;1995;5;3;292.500 m2;2;309.500 m2;¡Preguntale!;U$S 150.000
Y35E85;Vendo Casa de 4 dormitorios en Condominio Cerrado Zona Este;Excelente estado;Carretera Cotoca Km 8 - Condominio Villa Borghese, Este, Santa Cruz;¡Preguntale!;4;3;240 m2;2;320 m2;2;U$S 189.000
None;Vendo Casa de 4 dormitorios en Condominio Cerrado Zona Este;None;None;¡Preguntale!;None;None;None;None;None;None;None
V9F321;Remanso 3;Excelente estado;Remanso, Santa Cruz;2015;3;3;171 m2;2;148 m2;2;U$S 137.000
VF788B;Linda Casa Venta 282.000.$.. Alquiler 1600$ Cel. 70975444;Excelente estado;Casa Céntrica. Av. Centenario 3 y 4 anillo C/Susano Azogue N 3535.Cel.*** Costo 287.900$ Impuesto al Dia. , Oeste, Santa Cruz;2010;5;3;360 m2;3;420 m2;2;U$S 282.000
SD4824;CASA SOBRE AVENIDA DE 3 DPTOS INDEPENDIENTES ZONA SUR;Excelente estado;Radial 16, entre 3er y 4to anillo, Sur, Santa Cruz;¡Preguntale!;5;3;887 m2;2;887 m2;3;U$S 350.000
W628B6;Irpavi, Av el Vergel teléfono: 78930013;Excelente estado;Irpavi, Av el Vergel, Irpavi, La Paz;2012;4;3;537 m2;3;505 m2;3;U$S 515.000
M6E39A;Casa En Venta a Estrenar 9no Anillo Plan 3000 Av. Arroyito;A estrenar;Plan 3000 Av. Arroyito Barrio Puntarena Calle 6, Ciudadelas, Santa Cruz;2020;2;1;275 m2;1;81 m2;1;U$S 54.000
FC219B;Edificio en venta, Barrio Urbari, entre 2do y 3er anillo;Excelente estado;Barrio Urbari, entre 2do y 3er anillo, Urbari, Santa Cruz;2018;5;3;300 m2;3;573 m2;3;U$S 420.000
C31C7D;Calle Molles 9c<br />Urbanización Lomas de Aranjues;Excelente estado;Calle Molles 9c<br />Urbanización Lomas de Aranjues, Queru Queru, Cochabamba;¡Preguntale!;4;3;539 m2;3;384 m2;2;Consultar
E9CF97;Casa 4 dormitorios Condominio Villa Cantabria – Sud este colegio Tito’s Place;Excelente estado;Tiquipaya, Cochabamba;2016;4;3;226 m2;3;280 m2;3;U$S 199.000
MD1865;Casa de 3 dormitorios en doble vía la guardia;Excelente estado;urbanizacion los piyos, Sur, Santa Cruz;2018;3;1;360 m2;1;17 m2;2;U$S 40.000
P43DC9;casa en venta o permuta por vehiculo;Excelente estado;av virgen de lujan bation, Este, Santa Cruz;2019;1;1;360 m2;1;80 m2;3;U$S 38.000
P3EDE9;ESPECTACULAR CASA EN VENTA, AMPLIA Y EN EXCELENTE UBICACION. ZONA AV. LOS CUSIS;Excelente estado;AV. LOS CUSIS 2070 ENTRE ALEMANA Y BENI, DIAGONAL COL. BRITANICO., Norte, Santa Cruz;¡Preguntale!;5;3;683 m2;2;480 m2;3;U$S 700.000
XE5A00;Casa en Venta entre 2do. y 3er. anillo de la Av. Busch;Buen estado;Av. Busch entre 2do. y 3er. anillo, Oeste, Santa Cruz;¡Preguntale!;5;3;240 m2;2;240 m2;1;U$S 260.000
Z41324;Casa de 4 dormitorios en pampa de la Isla;Buen estado;virgen de cotoca, Este, Santa Cruz;¡Preguntale!;4;3;372 m2;1;360 m2;1;U$S 135.000
T30577;AMPLIA CASA EN VENTA ZONA NORTE;Buen estado;Avenida Alemana, entre 2do y 3er anillo , Norte, Santa Cruz;1990;5;3;900 m2;2;476 m2;3;U$S 498.000
S759F4;Oferto Hermosa Casa en Urubo;A estrenar;Condominio Santa Cruz de la Colina, Urubó, Santa Cruz;2020;4;3;373 m2;2;300 m2;3;U$S 225.000
G4F567;C/ Estrella Nº 360, Entre 2do y 3er anillo de la Av/Pirai y grigota;Sin Definir;Urbari, Santa Cruz;1978;5;3;415 m2;¡Preguntale!;409 m2;2;U$S 330.000
H284F1;Casa en Venta para alojamiento oficina o restaurante;Excelente estado;3 pasos al frente y radial 10; 1 cuadra antes del 4to anillo. B/ estación argentina., Este, Santa Cruz;2015;5;3;460 m2;2;550 m2;3;U$S 248.000
O3C9E6;Hermosa Casa en Venta ubicada en el Condominio Mirage - Urubó;A estrenar;Condomio Mirage , Urubó, Santa Cruz;2022;3;3;379 m2;2;150 m2;2;U$S 149.500
I6572D;Chalet en Urbanización España;Buen estado;Av. Pedro Casals, Sur, Santa Cruz;2007;4;3;240 m2;1;160 m2;2;U$S 115.000
G32D00;EN VENTA CASA EN TIQUIPAYA;Excelente estado;Tiquipaya, Cochabamba;¡Preguntale!;4;3;1.256 m2;2;240 m2;1;U$S 250.000
LF9BCB;Bolognia;Buen estado;Bolognia, La Paz;1997;4;2;483 m2;2;264 m2;1;U$S 280.000
H2893A;Hermosa casa de 3 plantas en venta;Buen estado;Norte, Santa Cruz;2021;5;3;90 m2;3;367 m2;2;U$S 135.000
E695A4;satelite norte ...warnes;Sin Definir;Ciudadelas, Santa Cruz;2019;2;1;300 m2;¡Preguntale!;64 m2;8;U$S 21.000
Y78073;6to anillo, Norte, Condominio Ciudad Jardín;Buen estado;Norte, Santa Cruz;¡Preguntale!;3;3;308 m2;2;272 m2;2;U$S 220.000
PDEBE0;CASA en OFERTA de 5 dormitorios en Riberalta (Beni) en zona central;Excelente estado;Avenida 25 de Marzo, Barrio Villa Camino #1148, Riberalta, Riberalta;2016;5;3;225 m2;1;144 m2;2;U$S 60.000
R9200;Casa de lujo en el Urubó;Excelente estado;urubo, Urubó, Santa Cruz;2008;5;3;10.952 m2;1;2.442 m2;3;U$S 4.000.000
UB293;ULTIMO TOWNHOUSE EN CONDOMINIO TROJES DEL ALBA;A estrenar;Tiquipaya, Cochabamba;2019;5;3;162 m2;3;216 m2;2;U$S 189.000
NB257;Inscrito en derechos reales;Buen estado;Km13 Doble vía a la Guardia / Condominio Club Campestre , Sur, Santa Cruz;2019;5;3;515 m2;3;350 m2;1;U$S 205.000
N97BD;HERMOSA CASA DE CAMPO CON OPORTUNIDAD DE NEGOCIO UBICADA EN TIQUIPAYA.;Excelente estado;Calle Cochabamba camino a Apote, Tiquipaya - Cochabamba, Tiquipaya, Cochabamba;1993;4;3;7.021 m2;3;854 m2;3;U$S 1.400.000
ICBBB;Av. Dorvigni y Av. Segunda;Sin Definir;Villa Busch, Cochabamba;2018;4;3;310 m2;¡Preguntale!;420 m2;2;U$S 295.000
NCE2E;LUJOSA RESIDENICIA EN URBANIZACIÓN "EL BOSQUE";Excelente estado;AV. CENTENARIO. URBANIZACIÓN "EL BOSQUE", Condebamba, Cochabamba;2019;4;3;1.000 m2;2;800 m2;3;U$S 790.000
Q8024;CASA EN VENTA IDEAL PARA NEGOCIO;Excelente estado;Av. Coronado entre 3er y 4to anillo, Este, Santa Cruz;2014;5;3;828 m2;2;570 m2;3;U$S 450.000
NEAB8;LUJOSA CASA MINIMALISTA EN VENTA URBANIZACION EL BOSQUE SUR;Excelente estado;Av. Centenario (Urbanización El Bosque Sur), Condebamba, Cochabamba;2012;4;3;1.000 m2;2;503 m2;3;U$S 650.000
I07E2;Entre 2do y 3er anillo, entre Avenida San Pablo y Virgen de Cotoca, Calle Curumbá.;Sin Definir;Este, Santa Cruz;2020;5;3;455 m2;¡Preguntale!;340 m2;1;U$S 290.000
M0E55;Carretera al norte, zona Valle Sanchez, a solo una cuadra de la plaza principal de Valle Sanchez;Sin Definir;Remanso, Santa Cruz;2021;3;3;241 m2;¡Preguntale!;128 m2;2;U$S 70.000
TDB4A;CASA EN VENTA EN 1Er. ANILLO;Buen estado;Av. LANDIVAR CALLE FRANCISCO JORDAN , Oeste, Santa Cruz;¡Preguntale!;5;3;602 m2;1;279 m2;3;U$S 270.000
X40F7;*Espectacular negocio: Casa* a 3 cuadras de los ferreteros de la Av Brasil;A estrenar;Entre 2do y 3er anillo, entre Avenida San Pablo y Virgen de Cotoca, Calle Curumbá. , Este, Santa Cruz;2020;5;3;455 m2;2;340 m2;1;U$S 290.000
Q1928;Calle La Paz 516;Sin Definir;Centro, Santa Cruz;1991;4;3;236 m2;¡Preguntale!;275 m2;1;U$S 241.000
K4B6F;HERMOSAS CASAS MINIMALISTAS EN PRE VENTA - URBANIZACIÓN ZAGALETA;A estrenar;Zona Puntiti - Sacaba (a 1 cuadra de Urb. Bella Vista y 1 cuadra de la Av. Circunvalación), Sacaba, Cochabamba;2020;4;3;202 m2;2;190 m2;1;U$S 155.555
Y9E02;Hermosa Casa en Venta Urbanización El Bosque Sur;Excelente estado;Av. Centenario (Urbanización El Bosque Sur), Condebamba, Cochabamba;2003;4;3;1.000 m2;2;574 m2;3;U$S 750.000
RAB79;a.v pirai 8vo anillo;Sin Definir;Doble via la guardia, Santa Cruz;2018;2;1;390 m2;1;100 m2;3;U$S 95.000
JC622;HERMOSA CASA-QUINTA EN VENTA;Excelente estado;ENTRE 5 Y 6TO ANILLO RADIAL 26, Norte, Santa Cruz;¡Preguntale!;5;3;27.107 m2;1;712 m2;3;U$S 2.239.630
KE4F7;Casa con dos departamentos y local;Excelente estado;Sexto anillo zona santos dumont urbanización las palmitas, Sur, Santa Cruz;¡Preguntale!;5;2;270 m2;1;182 m2;1;U$S 88.000
VD315;Hermosa Residencia con vistas increibles, 1200 m² terreno;Excelente estado;Urb Escondida, La Florida, La Paz;2015;4;3;1.200 m2;3;787 m2;3;U$S 2.290.000
Q03EA;PROLONGACIÓN QUIJARRO # 12;Sin Definir;Centro, Santa Cruz;2014;4;3;640 m2;1;505 m2;1;U$S 470.000
R2ED2;Km. 10 carretera al Norte;Buen estado;Km. 10 carretera al Norte, Norte, Santa Cruz;¡Preguntale!;3;2;365 m2;1;227 m2;1;U$S 110.000
V6B6D;VENDO CASA Y DEPARTAMENTO EN ZONA OESTE 1ER ANILLO;Buen estado;AV. LANDIVAR CALLE F. CECILIO JORDAN No. 38 LADO SUB ESTACION DE CRE, Centro, Santa Cruz;1988;3;3;602 m2;2;279 m2;3;U$S 230.000
UD9D4;Casa BENI, cerca al 2 anillo 555mtrs;Excelente estado;AV. BENI ENTRE 2DO Y 3ER ANILLO, Norte, Santa Cruz;¡Preguntale!;5;3;555 m2;2;600 m2;3;U$S 398.000
K9F55;CASA EN VENTA EN CONDOMINIO PRADO NORTE, KM. 8.5;Excelente estado;Cristo Redentor Km 8, Remanso, Santa Cruz;¡Preguntale!;None;2;32.375 m2;2;260 m2;1;U$S 135.000
R11A0;Chasquipampa Calle 7 Los Lirios;Sin Definir;Chasquipampa, La Paz;2010;3;3;240 m2;¡Preguntale!;300 m2;2;U$S 150.000
J7073;c. Innominada esq. Av. Aguas Potables;A estrenar;C. Innominada esq. Av. Aguas Potables, Tiquipaya, Cochabamba;2019;4;3;270 m2;3;250 m2;2;U$S 135.000
PEE88;Casa y galpón en terreno de 630mt2;Excelente estado;Av. St. Dumont y 7 Anillo. A una cuadra de la Doble Via St. Dumont., Sur, Santa Cruz;2018;2;2;630 m2;2;630 m2;2;U$S 140.000
O3BD5;CASA A ESTRENAR;A estrenar;Este, Santa Cruz;¡Preguntale!;3;3;220 m2;¡Preguntale!;122 m2;¡Preguntale!;U$S 65.500
O1A0E;Casa independiente sobre Av. pavimentada, barrio Paraíso de la ciudad de Cobija;Excelente estado;Calle Flor de Patujú s/n, Cobija, Cobija;2013;5;3;360 m2;2;246 m2;1;U$S 135.000
VBA85;Venta Hermosa Casa;Excelente estado;Norte, Santa Cruz;¡Preguntale!;3;3;460 m2;¡Preguntale!;365 m2;¡Preguntale!;U$S 480.000
XAFEB;Casa en condominio zona norte;Excelente estado;Norte, Santa Cruz;¡Preguntale!;4;3;988 m2;2;504 m2;2;U$S 345.000
C0450;Casa Plan 3 mil zona mercado Guapuru;Buen estado;Urbanizacion El *** , Sur, Santa Cruz;2010;3;1;360 m2;1;125 m2;1;U$S 63.000
C5CD0;Casas a estrenar en venta;A estrenar;Pentaguazu 1, av. Monte Carmelo, Ciudadelas, Santa Cruz;2019;2;1;71 m2;1;50 m2;1;U$S 35.200
88932;VENDO MI CASA, 360000 dolares 71659136;Excelente estado;calle los pinos #4, Equipetrol, Santa Cruz;2008;4;3;159 m2;3;254 m2;2;U$S 360.000
181B4;Casa obra gruesa sobre terreno de 456m en urbanizacion Bisa, zona la Tamborada;A estrenar;Urb. Bisa, Pukara Grande, Zona la Tamborada (a 1km del puente de la Tamborada), Centro, Cochabamba;2016;4;3;456 m2;3;192 m2;1;U$S 110.000
25175;Condominio Valle de Cartago, Zona Norte Av G77;Excelente estado;Condominio Valle de Cartago, zona Av G77, Norte, Santa Cruz;2020;3;3;390 m2;2;150 m2;2;U$S 120.000
P18EB1;Condominio SANTA CRUZ DE LA COLINA (FASE 2) Casa en venta 4 Dormitorios;Excelente estado;Cond. Santa Cruz de la Colina Fase II, Mnz16 Casa 2A, Urubó, Santa Cruz;2016;4;3;523 m2;1;220 m2;2;U$S 195.000
FB4F7E;Condominio Asai 2 Doble via la guardia KM 9 1/2;Excelente estado;Doble via la guardia, Santa Cruz;2018;3;3;334 m2;1;205 m2;2;U$S 131.000
GD9D02;Condominio Sevilla los jardines;Sin Definir;Norte, Santa Cruz;2017;3;2;220 m2;¡Preguntale!;115 m2;2;U$S 92.000
I9005B;Condominio cerrado ASAI NORTE 2, Av. Banzer km 8 1/2 entrando por Mainter;Sin Definir;Remanso, Santa Cruz;2022;None;3;160 m2;¡Preguntale!;140 m2;2;U$S 95.500
C81478;Casa en Palma verde lista para mudarse!;Sin Definir;Este, Santa Cruz;2000;3;3;300 m2;¡Preguntale!;154 m2;2;U$S 86.000
SFC922;¡CASA EN VENTA, IDEAL PARA OFICINA O NEGOCIO!;Buen estado;Calle Horacio Ríos y Av. Suarez Arana, entre 1er y 2do Anillo. , Centro, Santa Cruz;¡Preguntale!;5;3;165.410 m2;2;273 m2;2;U$S 170.000
P6D0DA;Sequoia Aranjuez;Excelente estado;Aranjuez, La Paz;2013;4;3;531 m2;2;450 m2;3;U$S 490.000
IC48A2;Calle Ballivian 536;Sin Definir;Centro, Santa Cruz;2011;5;3;¡Preguntale!;3;672 m2;¡Preguntale!;U$S 355.000
M3C6F0;Hermosa casa en Urbanización Kaoba zona norte, a estrenar;A estrenar;Remanso, Santa Cruz;2021;4;3;170 m2;2;166 m2;2;U$S 95.000
None;Hermosa casa en Urbanización Kaoba zona norte, a estrenar;None;None;2021;None;None;None;None;None;None;None
ZA5679;Av Pirai / 5to anillo vendo amplia casa en condominio cerrado;A estrenar;5to anillo y av pirai, Oeste, Santa Cruz;¡Preguntale!;4;3;273 m2;1;168 m2;2;U$S 112.000
Y504AE;COMODA CASA EN VENTA 5TO ANILLO PIRAI;Excelente estado;PIRAI 5TO ANILLO, Oeste, Santa Cruz;2016;3;3;217 m2;2;180 m2;3;U$S 192.000
P49557;CASA TIPO TOWN HOUSE EN VENTA;Excelente estado;Entre San Martín y Canal Isuto – Villa Brígida, Norte, Santa Cruz;2019;3;3;165 m2;2;300 m2;2;U$S 219.000
QA32FA;Casa en venta, sobre avenida, zona norte.;Excelente estado;6to anillo entre av. alemana y av. 2 de agosto. , Norte, Santa Cruz;¡Preguntale!;5;3;560 m2;2;632 m2;3;U$S 410.000
S7F6E9;Condominio Natural Village casas en preventa zona norte.;A estrenar;Km 8 1/2 Entrando por Mainter., Norte, Santa Cruz;2022;3;3;185 m2;2;140 m2;1;U$S 77.000
I23576;Espectacular y bella casa en venta Las Palmas.;Excelente estado;Las Palmas Calle Barcelona, Oeste, Santa Cruz;2010;5;3;600 m2;2;594 m2;3;U$S 780.000
IF05DE;Casa en venta zona norte Remanso III Noveno Anillo.;A estrenar;9no anillo, Norte, Santa Cruz;2022;3;3;150 m2;2;145 m2;2;U$S 116.000
U73534;VIRGEN DE COTOCA- URBANIZACION EL MUNDO;A estrenar;Urbanizacion el mundo , Oeste, Santa Cruz;2022;4;3;160 m2;1;133 m2;¡Preguntale!;U$S 89.500
QB041C;CASA PIRAI 6TO ANILLO;Excelente estado;pirai, Oeste, Santa Cruz;2018;3;3;195 m2;1;155 m2;2;U$S 135.000
OF243F;CASA DE LUJO AL NORTE;Buen estado;4to anillo, Norte, Santa Cruz;2012;4;3;480 m2;2;600 m2;2;U$S 580.000
Z31811;Norte km 8½ Condominio Cerrado;A estrenar;Km 8½ norte, Remanso, Santa Cruz;2022;4;3;160 m2;2;176 m2;2;U$S 119.000
X750DB;Casas en Pre-Venta en "CONDOMINIO URUBÓ NORD";A estrenar;Urubo, Urubó, Santa Cruz;2022;3;3;210 m2;2;153 m2;2;U$S 145.000
R36C31;CASA EN VENTA EN COLINAS DEL URUBO SECTOR 2;Excelente estado;URUBO, Urubó, Santa Cruz;2015;5;3;1.595 m2;2;802 m2;3;U$S 1.200.000
X4648C;CASAS EN VENTA ZONA ESTE EN CONDOMINIO;A estrenar;Este, Santa Cruz;2022;None;3;182 m2;2;130 m2;2;U$S 80.000
IFA4C4;CASA EN VENTA B/ LAS PALMAS. Próximo al Col. Americano;Excelente estado;Las Palmas, Oeste, Santa Cruz;2002;4;3;596 m2;2;600 m2;2;U$S 600.000
TCAE78;Tu Casa c/DISEÑO INTERIOR : Linda! PRE-VENTA $ 135,300;En construcción;Km 8½ norte, Remanso, Santa Cruz;2022;3;3;160 m2;2;180 m2;2;Consultar
HF3957;CASA EN VENTA EN CONDOMINIO LA FONTANA LA RIVIERA 1;Buen estado;Norte, Santa Cruz;2015;3;2;266 m2;1;86 m2;2;U$S 87.000
MDAB02;EN CONDOMINIO NORTE;Buen estado;CONDOMINIO POLO COUNTRY CLUB , Norte, Santa Cruz;2000;3;3;1.050 m2;1;264 m2;3;U$S 155.000
O6731D;CASA EN VENTA ZONA SUR, 2do ANILLO STOS DUMONT;Buen estado;Sur, Santa Cruz;2005;4;3;350 m2;2;287 m2;2;U$S 280.000
XACD82;Casa de lujo 4 dormitorios en suite Barrio Norte;Excelente estado;4to anillo y avenida Cristo Redentor, Norte, Santa Cruz;2.014;5;3;486 m2;2;453 m2;3;U$S 690.000
CE107F;CASA DE LUJO EN EL URUBÓ- CONDOMINIO CERRADO;Excelente estado;Santa Cruz la vieja, Urubó, Santa Cruz;2022;4;3;450 m2;2;450 m2;3;U$S 410.000
T7E9DB;A ESTRENAR Z-NORTE;A estrenar;8VO ANILLO AV BENI , Norte, Santa Cruz;¡Preguntale!;4;3;210 m2;2;250 m2;3;U$S 125.000
H176E7;EDIFICIO EN VENTA - RENTABILIDAD ANUAL 9%;A estrenar;6TO Y 7MO SANTOS DUMONT , Sur, Santa Cruz;2022;5;3;252 m2;3;390 m2;3;U$S 275.000
P28083;CASA EN VENTA EN ZONA SUR, BARRIO EL TAJIBO;Excelente estado;Sur, Santa Cruz;2018;4;3;290 m2;2;360 m2;2;U$S 128.000
J12D86;CASA EN VENTA ZONA SUR;Requiere mantenimiento;Sur, Santa Cruz;1990;5;2;420 m2;1;242 m2;2;U$S 99.000
XA9AF1;HERMOSA Y AMPLIA CASA EN ZONA NORTE;Excelente estado;4to anillo y avenida Cristo Redentor, Norte, Santa Cruz;2010;4;3;480 m2;2;560 m2;3;U$S 560.000
B343EE;CASA EN VENTA ZONA NORTE;A estrenar;Norte, Santa Cruz;2023;3;2;180 m2;2;120 m2;2;U$S 87.500
U11A94;hermosa casa en venta;A estrenar;7mo anillo, Norte, Santa Cruz;2021;3;2;180 m2;2;160 m2;2;U$S 89.000
P2FE80;Casa en venta zona norte 4to anillo;Excelente estado;4to anillo, Norte, Santa Cruz;2020;5;3;494 m2;2;537 m2;3;U$S 620.000
KF63E6;CASA EN VENTA AV. BENI ENTRE 8VO Y 9NO ANILLO;Excelente estado;Entre 9avo y 9no anillo, Norte, Santa Cruz;2019;3;3;210 m2;2;174 m2;2;U$S 95.000
UD2D0A;CASA EN VENTA EN ZONA NORTE;A estrenar;Remanso, Santa Cruz;2023;3;3;210 m2;2;143 m2;2;U$S 120.000
WEEF2D;Casa en Barrio Las Palmas en venta.;Excelente estado;Barrio Las Palmas, Oeste, Santa Cruz;2021;5;3;315 m2;2;390 m2;2;U$S 269.800
K37F31;LA HACIENDA DEL URUBO;Buen estado;LA HACIENDA DEL URUBO , Urubó, Santa Cruz;¡Preguntale!;4;3;790 m2;1;384 m2;3;U$S 495.000
MC2921;Hermosa casa en venta en Barrio Urbarí – Sobre Alameda;Excelente estado;Urbari, Urbari, Santa Cruz;2019;4;3;453 m2;2;450 m2;3;U$S 359.000
N4B08C;Casa en venta zona oeste;Buen estado;Barrio Santa Rosita zona oeste, Oeste, Santa Cruz;1994;4;3;434 m2;1;290 m2;1;U$S 225.000
J24C42;VENTA CASA 2 PLANTAS - ZONA OESTE;Excelente estado;DOBLE VIA, Doble via la guardia, Santa Cruz;2009;4;3;151 m2;2;185 m2;2;U$S 125.000
WDB126;PRE VENTAS CASAS EN COND. DOBLE VIA LA GUARDIA;En construcción;8vo anillo doble via la guardia, Doble via la guardia, Santa Cruz;2023;3;3;150 m2;2;135 m2;2;U$S 106.000
F79FBE;G77- CASA EN VENTA;Buen estado;G77, Norte, Santa Cruz;2019;3;3;220 m2;2;150 m2;2;U$S 100.000
EE8C26;CASAS EN VENTA ZONA NORTE;A estrenar;Norte, Santa Cruz;2022;3;3;180 m2;2;120 m2;2;U$S 87.500
EB2BAB;CASA EN CONDOMINIO - BANZER;Buen estado;AV. BANZER SEXTO ANILLO, Norte, Santa Cruz;¡Preguntale!;3;3;200 m2;2;180 m2;2;U$S 160.000
U3CE7D;B. COLORADA 4TO ANILLO;Buen estado;4to anillo B. COLORADA- Radial 13 , Sur, Santa Cruz;2006;4;1;242 m2;1;120 m2;2;U$S 85.000
L75266;COLINAS SECTOR PARAISO;Excelente estado;URUBO COLINAS SECTOR PARAISO , Urubó, Santa Cruz;¡Preguntale!;5;3;2.085 m2;2;850 m2;3;U$S 1.200.000
EFC73D;CASA EN VENTA ZONA NORTE, REMANSO 2;Excelente estado;Remanso, Santa Cruz;2010;3;3;210 m2;2;186 m2;2;U$S 120.000
R7FEAD;CASA EN VENTA EN EQUIPETROL;Excelente estado;equipetrol , Equipetrol, Santa Cruz;2005;3;3;340 m2;2;360 m2;2;U$S 348.000
L94945;CASA EN DOBLE VIA A LA GUARDIA KM14;A estrenar;La Guardia, La Guardia;2020;3;2;2 m2;1;110 m2;2;U$S 53.000
O89CC3;HERMOSA CASA A ESTRENAR EN ZONA NORTE REMANSO.;A estrenar;Remanso, Norte, Santa Cruz;2022;3;2;200 m2;1;106 m2;2;U$S 69.900
D1DBE2;Casa en venta avenida Alemana 7mo anillo;Excelente estado;Av. Alemana, 7mo. Anillo, Norte, Santa Cruz;2015;3;3;225 m2;2;212 m2;2;U$S 130.000
V225F7;CASA EN VENTA CONDOMINIO LE PARC AV. RADIAL 26 ENTRE 5TO Y 6TO ANILLO;A estrenar;Radial 26 entre 5to y 6to anillo, Norte, Santa Cruz;2021;4;3;300 m2;2;275 m2;2;U$S 230.000
J6356C;URUBO-COLINAS LA CAÑADA;Excelente estado;CONDOMINIO LA CAÑADA, Urubó, Santa Cruz;2018;4;3;750 m2;2;400 m2;3;U$S 430.000
SECD16;CONDOMINIO COLINAS DEL URUBO SECTOR 1;Excelente estado;COLINAS SECTOR 1, Urubó, Santa Cruz;2014;3;3;750 m2;2;590 m2;3;U$S 650.000
Y9093D;Zona Norte, Casa de 4 Dorm en Venta;A estrenar;Remanso, Santa Cruz;2022;4;3;160 m2;2;196 m2;2;U$S 123.000
VCF357;CURUPAU NORTE- CASAS EN VENTA;A estrenar;Av. alemana pasado el 8vo. anillo , Norte, Santa Cruz;2022;3;3;180 m2;1;95 m2;2;U$S 78.000
FFB61A;Casa en venta en Urbanización San Rafael Norte;Excelente estado;7mo anillo Canal Pedro Velez, Norte, Santa Cruz;2021;3;3;167 m2;2;167 m2;2;U$S 110.000
DB6EA5;ALEMANA Y AV. CLARACUTA 8vo. ANILLO- CASA EN VENTA;A estrenar;8vo. anillo entre av. Alemana y av. Claracuta , Norte, Santa Cruz;2022;3;3;190 m2;2;155 m2;2;U$S 104.000
F115E4;Hermosa Casa en Venta (Condominio Múnich);Excelente estado;Avenida Beni 8avo anillo, Norte, Santa Cruz;2019;None;3;248 m2;1;337 m2;2;U$S 265.000
I9853A;OPORTUNIDAD DE INVERSIÓN A PRECIO DE TERRENO Equipetrol Av. San Martin;Excelente estado;Equipetrol Avenida San Martin, Equipetrol, Santa Cruz;2014;4;3;314 m2;2;250 m2;1;U$S 345.000
V2721C;Casa de Lujo en PreVenta en exclusivo Condominio Rio Sierra Urubo;A estrenar;Rio Sierra Urubo, Urubó, Santa Cruz;2023;3;3;1.200 m2;3;540 m2;3;U$S 642.200
V7F7BD;CASA EN VENTA EN CONDOMINIO ZONA NORTE.;Excelente estado;km 10, Norte, Santa Cruz;2018;3;3;195 m2;1;170 m2;2;U$S 119.000
D4973F;CASA EN VENTA IDEAL PARA NEGOCIO CON TIENDAS;Excelente estado;AV. ALEMANA Y MUTUALISTA, Norte, Santa Cruz;2012;3;3;158 m2;2;198 m2;2;U$S 175.000
P9EB0C;Hermosa casa en venta Barrio Urbarí.;Excelente estado;Urbarí Avenida Barrientos, Urbari, Santa Cruz;2010;3;3;700 m2;2;404 m2;2;U$S 450.000
V1936A;Hermosa casa en venta en Jardines del Urubo II;Excelente estado;Jardines del Urubo II, Urubó, Santa Cruz;2020;3;3;268 m2;2;250 m2;2;U$S 195.000
VACF57;Hermosas casas en venta Condominio Colonial Norte I;A estrenar;Km 10, Norte, Santa Cruz;2022;3;3;145 m2;2;148 m2;2;U$S 95.000
Q5A692;CASA EN VENTA ZONA NORTE AV. ALEMANA;Excelente estado;7mo. Y 8vo. ANILLO, Norte, Santa Cruz;2015;3;3;216 m2;2;233 m2;2;U$S 220.000
U571AE;Casa en venta zona norte Condominio Terranova;Excelente estado;7mo anillo, Norte, Santa Cruz;2018;3;3;250 m2;2;170 m2;2;U$S 150.000
Q25F56;HERMOSA CASA COMERCIAL EN VENTA.;Excelente estado;Av. Doble vía a la Guardia Entre 6to y 7mo anillo, Oeste, Santa Cruz;2010;5;3;2.189 m2;2;1.140 m2;3;U$S 1.290.000
AE8AFD;CASA EN VENTA LADO CONDOMINIO BUGANVILLAS.;Excelente estado;3er. y 4to. anillo, Zona Roca y Coronado2, Oeste, Santa Cruz;2015;3;3;181 m2;2;165 m2;1;U$S 210.000
OD8293;CASA EN VENTA Y/O ALQUILER CONDOMINIO "LAS PALMERAS";Excelente estado;4to y 5to ANILLO ENTRE RADIALES 26 Y 27, Norte, Santa Cruz;2015;3;3;202 m2;2;198 m2;2;U$S 169.800
G1A764;Casa fuera de Condominio Zona Norte, 6to Anillo Av. Pedro Vélez;Excelente estado;6to Anillo Av. Pedro Vélez, Norte, Santa Cruz;2020;5;3;720 m2;2;660 m2;3;U$S 460.000
C422FB;HERMOSA CASA EN SEVILLA LAS TERRAZAS;Excelente estado;Km 10, Norte, Santa Cruz;2010;3;1;197 m2;1;95 m2;1;U$S 87.000
A9BC7A;Casa en venta en Urbanización Valle Azul (Avenida Banzer 7mo anillo);Excelente estado;Avenida Cristo Redentor 7mo anillo, Norte, Santa Cruz;2009;4;3;312 m2;2;356 m2;3;U$S 228.000
ED716D;En Venta Casa Comercial de 4 dormitorios sobre avenida;Excelente estado;Av. Radial 13 entre 5to y 6to Anillo, Sur, Santa Cruz;1997;4;3;353 m2;1;373 m2;3;U$S 230.000
NC1781;EN PLENA ESQUINA CASA EN VENTA.HAMACAS Z/NORTE;Excelente estado;Barrio Hamacas Calle Rurrenabaque esq. Calle Rio Forus, Norte, Santa Cruz;2.017;4;3;445 m2;2;530 m2;3;U$S 470.000
R79891;CONDOMINIO JOINVILLE 8vo Anillo Av. Beni;A estrenar;8avo anillo Beni, Norte, Santa Cruz;2022;4;3;225 m2;2;206 m2;3;U$S 155.900
YC9300;En venta casa en Las Palmas;Excelente estado;Las Palmas calle Tobite, Oeste, Santa Cruz;2002;5;3;1.053 m2;2;606 m2;3;U$S 725.000
WFD2D7;Norte! Cerca de todo! CONDOMINIO FLORENCIA;Excelente estado;Condominio Florencia UV 69 , Norte, Santa Cruz;2015;3;3;436 m2;2;295 m2;3;U$S 285.000
YDD870;Hermosa Casa en Venta en Colinas del Urubo Sector 2;Excelente estado;Colinas del Urubo Sector 2, Urubó, Santa Cruz;2017;5;3;1.541 m2;1;900 m2;3;U$S 995.000
M1FC6F;CASA DE LUJO EN VENTA av. Las Américas esq. Andrés Manso;Excelente estado;Av. Las Américas esq. Andrés Manso, Sur, Santa Cruz;2002;5;3;970 m2;2;700 m2;3;U$S 1.050.000
OCAE61;CASA EN VENTA - ZONA NORTE-BARCELÓ KM 9;Excelente estado;Km 9, Norte, Santa Cruz;¡Preguntale!;4;3;300 m2;2;220 m2;3;U$S 190.000
J4DD1E;Encantadora casa Condominio Barrio Norte en Venta/Alquiler;Excelente estado;4to anillo y avenida Cristo Redentor, Norte, Santa Cruz;2019;4;3;417 m2;2;578 m2;3;U$S 580.000
IC9AC4;PRE-VENTA / ZONA NORTE: Casas de 4 Dormitorios;A estrenar;Av. Banzer km 8 ½, Norte, Santa Cruz;¡Preguntale!;4;3;253 m2;2;190 m2;2;U$S 100.500
U7BB7F;Casa en Venta Barrio El Remanso, Zona Norte;Excelente estado;Remanso, Norte, Santa Cruz;2019;3;3;300 m2;2;278 m2;2;U$S 185.000
S9488E;Linda casa en venta en Rio Sierra Urubo;Excelente estado;Rio Sierra Urubo, Urubó, Santa Cruz;2020;3;3;625 m2;2;400 m2;3;U$S 390.000
K990D8;CASA EN VENTA CONDOMINIO LE PARC COSTANERA CLUB;A estrenar;AV. RADIAL 26 ENTRE 5to. Y 6to. ANILLO, Norte, Santa Cruz;2021;4;3;417 m2;2;422 m2;3;U$S 395.000
P8CFB0;HERMOSA CASA EN COLINAS 2 - URUBÓ;Excelente estado;Colinas Urubo 2, Urubó, Santa Cruz;2021;4;3;1.538 m2;1;620 m2;3;U$S 890.000
Z8F877;HERMOSA CASA EN VENTA COLINAS URUBO II;Excelente estado;Colinas Urubo II, Urubó, Santa Cruz;2018;4;3;1.507 m2;2;500 m2;3;U$S 790.000
J75A52;Casa en condominio Río Sierra Urubo;A estrenar;Condominio Rio Sierra, Urubó, Santa Cruz;2021;3;3;686 m2;2;353 m2;2;U$S 348.000
T7CA1E;CASA DE LUJO EN VENTA EN EQUIPETROL NORTE.;Excelente estado;Equipetrol Norte, Norte, Santa Cruz;2020;4;3;304 m2;1;210 m2;3;U$S 310.000
UC8781;VENTA CASA NORTE - 3 DORM EN SUITE;Excelente estado;AV. BENI Y 5TO ANILLO, Norte, Santa Cruz;2018;3;3;309 m2;2;320 m2;2;U$S 338.000
O2FA9F;CASA DE LUJO EN EL URUBÓ "Condominio Danta Cruz lanvieja";Excelente estado;Condominio Santa Cruz la Vieja , Urubó, Santa Cruz;2022;4;3;554 m2;2;500 m2;3;U$S 410.000
SC6FB2;MONOAMBIENTE AMOBLADO EQUIPETROL;A estrenar;SAN MARTIN 3ER ANILLO EXTERNO C.AZUCENAS, Equipetrol, Santa Cruz;2021;¡Preguntale!;1;41 m2;3;41 m2;¡Preguntale!;U$S 52.000
T20401;LUJOSA CASA COND. RIO SIERRA - URUBO;Excelente estado;condominio Rio sierra , Urubó, Santa Cruz;2020;4;3;625 m2;2;400 m2;3;U$S 390.000
F8919D;Zona norte Casa en Venta (Asai);A estrenar;Zona Norte km 8½ Banzer (Zona Col. Cambridge), Remanso, Santa Cruz;2022;3;3;160 m2;2;162 m2;2;U$S 112.900
NF7B17;hermosa casa en Urubo;Excelente estado;urubo, Urubó, Santa Cruz;2019;5;3;1.500 m2;2;900 m2;3;U$S 990.000
J948B4;8vo anillo alemana;Buen estado;8vo anillo Av. Alemana , Norte, Santa Cruz;¡Preguntale!;3;3;360 m2;1;120 m2;3;U$S 120.000
GE8E3B;CASA EN VENTA - BARRIO URBARI;Excelente estado;ARUMA, Urbari, Santa Cruz;¡Preguntale!;3;3;548 m2;1;272 m2;3;U$S 390.000
Y5E169;OFERTA 4TO ANILLO Z-NORTE COND EL BOSQUE;Excelente estado;SOBRE RADIAL 26 , 4TO Y 5TO ANILLO , Norte, Santa Cruz;2008;3;3;288 m2;1;130 m2;2;U$S 159.000
A0FA1C;hermosa casa a estrenar Hacienda del urubo;En construcción;urubo, Urubó, Santa Cruz;2022;4;3;771 m2;1;535 m2;3;U$S 690.000
S95FD3;Casa en Condominio (Zona Norte km 8½) Hermosas áreas sociales;A estrenar;Km 8½ Zona Norte, Remanso, Santa Cruz;2022;3;3;160 m2;2;161 m2;2;U$S 112.900
FAD930;COND. JARDINES DEL URUBO II;Excelente estado;CONDOMINIO JARDINES DEL URUBO II, Urubó, Santa Cruz;2016;3;3;269 m2;1;180 m2;2;U$S 220.000
UE2A85;PLATINIUM II - 2DORM PISO 10;A estrenar;4TO ANILLO SAN MARTIN , Equipetrol, Santa Cruz;2020;2;1;73 m2;3;73 m2;1;U$S 98.750
Y24B49;CASA EN VENTA - BARRIO LAS PALMAS;Buen estado;Las palmas, Santa Cruz;¡Preguntale!;3;3;240 m2;1;223 m2;2;U$S 245.000
Q8A79F;CASA DE LUJO EN EL URUBÓ- CONDOMINIO CERRADO;A estrenar;URUBÓ "Urbanización cerrada Santa Cruz la vieja", Urubó, Santa Cruz;2022;3;3;453 m2;2;374 m2;3;U$S 359.000
Z84776;Linda Casa al norte;A estrenar;banzer, Norte, Santa Cruz;2021;3;3;182 m2;2;290 m2;2;U$S 170.000
N54532;CASA OESTE;A estrenar;6to anillo, Oeste, Santa Cruz;2017;3;3;170 m2;2;134 m2;2;U$S 124.000
F57EE0;CASA EN VENTA - REMANSO;Excelente estado;REMANSO - AV. BANZER, Norte, Santa Cruz;¡Preguntale!;4;3;420 m2;2;260 m2;3;U$S 190.000
S48132;URUBO LA CAÑADA;Buen estado;URUBO LA CAÑADA, Urubó, Santa Cruz;2020;4;3;750 m2;2;450 m2;3;U$S 450.000
TB1922;COLINAS DEL URUBO SECTOR LA CAÑADA;Buen estado;COND. LA CAÑADA , Urubó, Santa Cruz;2020;4;3;750 m2;1;400 m2;3;U$S 450.000
HD3B7B;Pre Venta HERMOSA CASA ( Urubó);En construcción;Condominio Santa Cruz la Vieja , Urubó, Santa Cruz;2022;3;3;453 m2;2;378 m2;3;U$S 339.000
U5C884;hermosa casa en venta;Buen estado;Beni 2do anillo, Norte, Santa Cruz;2014;5;3;605 m2;2;615 m2;3;U$S 450.000
5AC75;HERMOSA CASA NORTE;Excelente estado;KM 11 NORTE, Norte, Santa Cruz;2012;5;3;1.100 m2;2;517 m2;2;U$S 280.000
B63376;CASA EN VENTA - URUBO;Excelente estado;URUBO , Urubó, Santa Cruz;2012;4;3;690 m2;3;270 m2;3;U$S 267.000
T31B9B;Hermosa y Amplia Casa en Venta ZONA Canal Isuto;Reciclada;CANAL ISUTO 4to. Anillo Villa Brigida , Norte, Santa Cruz;2015;3;3;400 m2;2;350 m2;3;U$S 320.000
T95C17;Virgen de Cotoca 4to. Anillo CASA EN VENTA;Buen estado;Av. Virgen de Cotoca 4to Anillo, Este, Santa Cruz;2000;5;3;300 m2;2;452 m2;3;U$S 370.000
74AF1;CHALET EN LAS PALMITAS;Buen estado;B/LAS PALMITAS, Sur, Santa Cruz;¡Preguntale!;3;2;300 m2;1;120 m2;1;U$S 86.000
18520;CHALET EN ZONA DOBLE VIA A LA GUARDIA. MODERNO;A estrenar;Radial 17 Y 1/2, Doble via la guardia, Santa Cruz;2019;3;2;280 m2;1;120 m2;2;U$S 79.000
4D441;CASA EN CONDOMINIOO EN ZONA SUR;A estrenar;6to y 7mo sur, Sur, Santa Cruz;2018;4;3;300 m2;2;200 m2;3;U$S 96.000
5F09C;CASAS CHALETS A ESTRENAR;A estrenar;AV MONTECRISTO 9NO ANILLO, Este, Santa Cruz;2019;3;2;300 m2;1;85 m2;1;U$S 63.500
05697;CASA DENTRO DE CONDOMINIO;A estrenar;7MO ANILLO ZONA SUR, Sur, Santa Cruz;2018;4;3;260 m2;2;150 m2;2;U$S 96.000
E2391;CASAS MINIMALISTAS ZONA OESTE;A estrenar;R17 7MO ANILLO, Oeste, Santa Cruz;2019;3;2;240 m2;1;110 m2;1;U$S 79.000
719B3;CASA SOBRE AVENIDA;A estrenar;6TO ANILLO EXTERNO ZONA SUR, Sur, Santa Cruz;¡Preguntale!;3;3;210 m2;2;150 m2;1;U$S 100.000
CA143;LINDO DEPARTAMENTO EN LAS PALMAS;Excelente estado;LAS PALMAS, Oeste, Santa Cruz;¡Preguntale!;3;3;200 m2;1;200 m2;2;U$S 221.000
68792;EL CASADO,DEPARTAMENTO QUIERE EN 2DO ANILLO , RESIDENCIAS SUR;A estrenar;Sur, Santa Cruz;2018;2;2;79 m2;1;79 m2;¡Preguntale!;U$S 72.000
2C2E9;CASAS TIPO CHALET;A estrenar;8VO ANILLO BARRIO EL FUERTE, Sur, Santa Cruz;2018;2;1;400 m2;1;85 m2;¡Preguntale!;U$S 70.000
E96D9;casa para empresa en EXCELENTE UBICACION CRUCEÑA;Excelente estado;AV PARAGUA, Este, Santa Cruz;2015;5;3;1.000 m2;1;893 m2;3;U$S 430.000
F93BE;CASA RESIDENCIAL EN ZONA NORTE;Excelente estado;2do anillo zona del Cristo, Norte, Santa Cruz;¡Preguntale!;4;3;360 m2;2;300 m2;2;U$S 365.000
9791F;VIVIENDA FAMILIAR;Excelente estado;PLAN 3000 MERCADO LOS POCITOS, Este, Santa Cruz;¡Preguntale!;5;3;400 m2;2;200 m2;3;U$S 170.000
H93546;I-201 245 CASA EN URBANIZACIÓN PALOS VERDES;Excelente estado;Norte, Santa Cruz;¡Preguntale!;3;3;210 m2;2;220 m2;2;U$S 145.000
HDE30F;Amplia Casa en Esquina - Condominio Fontana Riviera 1;Excelente estado;Km 8 y medio entre Av. G77 y Avenida Internacional, Norte, Santa Cruz;2018;4;3;371 m2;1;149 m2;2;U$S 136.000
P9BD1F;En CONDOMINIO TERRANOVA en 7mo. anillo Norte vendo casa;Excelente estado;Septimo anillo Norte, Remanso, Santa Cruz;¡Preguntale!;3;3;180 m2;2;250 m2;2;U$S 141.000
A85C08;En Venta! Hermosas Casas gemelas en Zona Norte;A estrenar;Av. Alemana 5to Anillo, Norte, Santa Cruz;2022;4;3;180 m2;2;200 m2;2;U$S 139.500
Y34252;DEPARTAMENTO EN VENTA;A estrenar;Santa Cruz, Av. Santos Dumont, Sur, Santa Cruz;2022;1;1;45 m2;1;45 m2;1;U$S 34.000
F9083A;CASA EN VENTA;Excelente estado;Santa Cruz, Av. Paragua , Norte, Santa Cruz;¡Preguntale!;4;3;250 m2;2;361 m2;3;U$S 257.000
LBB3D4;CASAS A CREDITO DIRECTO;A estrenar;KM 10 VIRGEN DE COTOCA, Este, Santa Cruz;¡Preguntale!;2;1;210 m2;1;60 m2;1;U$S 36.000
S77247;Casa en venta en condomimio exclusivo Barrio Norte.;Excelente estado;av banzer entre 4to y 5to anillo, Norte, Santa Cruz;2019;4;3;270 m2;2;500 m2;3;U$S 550.000
QB9F55;CASA EN VENTA EN COCHABAMBA;Excelente estado;Pacata, Cochabamba;¡Preguntale!;4;3;347 m2;2;420 m2;3;U$S 224.000
F4F602;CASA EN ZONA ESTE;A estrenar;KM 10 VIRGEN DE COTOCA, Este, Santa Cruz;2022;3;2;240 m2;1;120 m2;2;U$S 58.000
NADE1B;Hermosa casa amplia en venta en el Urubó Golf;Excelente estado;a 5 minutos del puente, Urubó, Santa Cruz;2013;5;3;1.282 m2;1;518 m2;3;U$S 680.000
Z363A2;Casa en venta;A estrenar;Av. G-77, Norte, Santa Cruz;¡Preguntale!;3;1;300 m2;1;104 m2;1;U$S 73.000
TBFAE4;casa en venta centro de santa cruz;Buen estado;calle 24 de septiembre, Centro, Santa Cruz;¡Preguntale!;5;3;412 m2;2;560 m2;¡Preguntale!;U$S 350.000
O24256;Casa zona Satélite Norte;Excelente estado;Urb. Integración del Norte MZ 10 lote 16, detrás del mercado Monumental (zona Satélite Norte), Norte, Santa Cruz;2020;3;1;300 m2;1;120 m2;1;U$S 45.000
MA7C17;Casa en venta zona Av La Barranca;Buen estado;calle 1 pajonal, Sur, Santa Cruz;12;5;3;634 m2;2;541 m2;3;U$S 355.000
S882FA;URB LA TRANQUERA II, CASA EN VENTA;A estrenar;URB. LA TRANQUERA II, Este, Santa Cruz;2020;3;2;298 m2;1;115 m2;2;U$S 57.000
J575A1;CASA EN VENTA, IRPAVI CALLE 4;Excelente estado;Calle 4 de Irpavi, Irpavi, La Paz;¡Preguntale!;4;3;760 m2;1;512 m2;3;U$S 539.000
A66FF8;HERMOSA CASA EN VENTA CHILIMARCA;Excelente estado;Tiquipaya, Cochabamba;2013;5;3;1.203 m2;2;592 m2;3;U$S 690.000
A2BCD8;CASA EN VENTA EN CONDOMINIO Zona Norte km9;Buen estado;km9 a 1 cuadra de la Banzer, Norte, Santa Cruz;2002;3;3;266 m2;2;180 m2;3;U$S 160.000
EA6CEE;I-201 244 CASA VENTA O ANTICRETICO LUJAN Urbanización las Maras;Requiere mantenimiento;Este, Santa Cruz;¡Preguntale!;3;1;381 m2;1;¡Preguntale!;1;U$S 37.000
W9A4E2;I-201 243 CASA AMPLIA Y NUEVA;Excelente estado;Sur, Santa Cruz;¡Preguntale!;3;1;360 m2;1;125 m2;1;U$S 60.000
D43F49;CASA DE PLAYA EN VENTA Beach Housing;A estrenar;urubo, Urubó, Santa Cruz;2018;2;2;110 m2;1;90 m2;2;U$S 80.000
L7487A;CASA EN VENTA DE 3 DORMITORIOS con Estudio y churrasquera️;Buen estado;URBANIZACION/ Espíritu Santo, Este, Santa Cruz;2005;3;2;34.080 m2;1;24.363 m2;2;U$S 133.000
HDC844;Por el Urubo Urbanizacion Villa Bonita Linda Casa de350m2;Requiere mantenimiento;Urbanizacion Villa Bonita, Urubó, Santa Cruz;2016;4;3;642 m2;2;350 m2;3;U$S 210.000
Y14DA9;EN LA FLORIDA BELLA CASA EN ALQUILER O VENTA;Excelente estado;Urb. Privada, La Florida, La Paz;¡Preguntale!;5;3;600 m2;1;760 m2;3;U$S 700.000
C57BE5;portales del norte , casas ECO SMART;A estrenar;2 minutos de la avenida banzer , zona los sevillas, Norte, Santa Cruz;2022;3;3;176 m2;2;167 m2;2;U$S 109.900
ECC64;CASAS EN VENTA a ESTRENAR ZONA SUR;Buen estado;Dumont-7mo anillo a 3 cuadras de la AV Principal., Sur, Santa Cruz;¡Preguntale!;4;2;130 m2;2;128 m2;1;U$S 125.000
C2F79;Motivo de viaje;Excelente estado;Sur, Santa Cruz;¡Preguntale!;5;2;32 m2;¡Preguntale!;10 m2;¡Preguntale!;U$S 145
P55651;CASAS A ESTRENAR CON PRECIOS DE PREVENTA EN AV. SANTOS DUMONT;A estrenar;a 2 cuadras Av. Santos Dumont, zona residencial., Sur, Santa Cruz;2021;3;3;180 m2;2;175 m2;2;U$S 103.000
N6400C;CASA EN VENTA ZONA SIRARI EQUIPETROL;Excelente estado;Equipetrol B/ Sirari , Equipetrol, Santa Cruz;¡Preguntale!;4;3;370 m2;2;488 m2;2;U$S 370.000
1E396;HERMOSA CASA EN OFERTA;Excelente estado;Este, Santa Cruz;¡Preguntale!;3;2;200 m2;¡Preguntale!;120 m2;¡Preguntale!;U$S 60.000
W2B98A;COMODA CASA EN VENTA EN CONDOMINIO VICTORIA ZONA 4TO ANILLO ROCA Y CORONADO;Buen estado;Oeste, Santa Cruz;2012;3;3;265 m2;1;132 m2;2;U$S 149.000
M47F6C;Casa en Condominio "Almería Beni";Excelente estado;Av. Beni y 8vo anillo, Norte, Santa Cruz;2018;3;3;30.285 m2;1;164 m2;2;U$S 149.900
W0BE4E;Cómoda casa en venta con piscina Remanso 3,;Buen estado;remanso 3, Remanso, Santa Cruz;¡Preguntale!;3;3;275 m2;1;160 m2;¡Preguntale!;U$S 138.500
WBF489;CASA EN PREVENTA Barrio ORIENTAL, 4TO ANILLO, Canal Isuto;En construcción;RADIAL 26 ENTRE 4TO Y 5TO ANILLO, Norte, Santa Cruz;2023;3;3;175 m2;2;194 m2;2;U$S 167.000
X6241;Barrio La Ramada zona comercial vendo Casas cerca Av Isabel La Catolica;Requiere mantenimiento;Cerca Isabel La Catolica y La Ramada, Oeste, Santa Cruz;1997;5;2;380 m2;1;320 m2;2;U$S 380.000
RB553B;CASA;Buen estado;URB. SAN ANTONIO MZA. 24, UV. 005, LOTE 16, CALLE S/N, Warnes, Warnes;10 años;5;1;300 m2;1;110 m2;1;U$S 52.000
J8C5A8;CASA EN VENTA A ESTRENAR EN EL URUBO Condominio Villa Real;A estrenar;Urubó, Santa Cruz;2022;5;3;533 m2;2;340 m2;3;U$S 280.000
BCC2C7;CASA DE LUJO EN VENTA - CONDOMINIO URUBO;Excelente estado;Urubó, Santa Cruz;2016;3;3;1.502 m2;2;1.200 m2;3;Consultar
IA1B38;HERMOSA Y CENTRICA CASA EN VENTA 3 MINUTOS CINE CENTER .EMI,SCZ;Excelente estado;zona sur, Sur, Santa Cruz;2015;3;2;252 m2;2;140 m2;3;U$S 220.000
Y3B484;EN OFERTA HERMOSA CASA EN VENTA!! B/ POLANCO 3er ANILLO, Z/ SUR;Excelente estado;Barrio Polanco a 1 cuadra del 3er Anillo Zona Sur, Sur, Santa Cruz;10;4;3;788 m2;2;422 m2;3;U$S 399.000
LD04B5;CASA EN VENTA EN CONDOMINIO SEVILLA LAS TERRAZAS II ZONA NORTE;Excelente estado;Norte, Santa Cruz;2011;3;2;200 m2;1;94 m2;2;U$S 90.000
D93EAD;Av. Alemana Y 8vo Anillo;Excelente estado;Av. Alemana Y 8vo Anillo, Norte, Santa Cruz;2019;3;3;170 m2;2;150 m2;2;U$S 140.000
T2D091;Hermosa Casa;Excelente estado;Colinas del Urubo, Urubó, Santa Cruz;2020;5;3;2.000 m2;2;750 m2;3;U$S 1.300.000
N5AB33;CASA DE DOS PLANTAS EN VENTA EN EL TERCER ANILLO BARRIO POLANCO;Buen estado;polanco, Polanco, Santa Cruz;4;4;3;340 m2;2;235 m2;1;U$S 230.000
F79225;CASA EN VENTA DE DOS PLANTAS AV. BENI 5TO ANILLO;Excelente estado;Av. Beni 5to anillo, Hamacas, Santa Cruz;¡Preguntale!;4;3;380 m2;2;300 m2;2;U$S 280.000
Z4529F;CASA EN VENTA SOBRE AV. MUTUALISTA;Buen estado;Av. Mutualista entre 3er y 4to anillo, sobre la Avenida, Este, Santa Cruz;1995;5;3;300 m2;2;270 m2;3;U$S 240.000
T4906F;Casa en Fontana;A estrenar;Fontana, Norte, Santa Cruz;2022;3;2;42.660 m2;1;9.761 m2;2;U$S 105.500
RE81B3;Casa en venta con piscina en condominio zona norte;Buen estado;Zona norte Remanso, Remanso, Santa Cruz;¡Preguntale!;5;3;598 m2;2;480 m2;3;U$S 305.000
WCD56B;CASA EN VENTA ZONA NORTE "CIUDAD JARDIN";Buen estado;Zona norte 6to anillo Condominio Ciudad Jardin, Norte, Santa Cruz;¡Preguntale!;3;3;300 m2;2;332 m2;3;U$S 260.000
ZBEF40;CASA EN VENTA, SAN ALBERTO;Excelente estado;URBANIZACIÓN SAN ALBERTO, San Alberto, La Paz;¡Preguntale!;4;3;1.190 m2;2;591 m2;3;U$S 980.000
45495;HERMOSA CASA DE OCASIÓN SEVILLA LOS JARDINES;A estrenar;SEVILLA LOS JARDINES, Norte, Santa Cruz;¡Preguntale!;3;2;180 m2;1;95 m2;1;U$S 500
UB9734;CASA A ESTRENAR EN REMANSO 3;A estrenar;REMANSO 3, Remanso, Santa Cruz;2022;3;3;150 m2;2;145 m2;2;U$S 109.000
9D3CD;HERMOSAS CASAS MODELOS;A estrenar;AVENIDA BANZER ENTRANDO POR EL PRIMER SEVILLA AL FRENTE 2000 METROS HACIA LA RADIAL 26, LADO NORTE LA MOLINA , Norte, Santa Cruz;2018;None;2;300 m2;1;98 m2;1;U$S 1.000
Y9ABDF;CASA A ESTRENAR EN VENTA 5 HABITACIONES;A estrenar;Sacaba, Cochabamba;2022;5;3;340 m2;3;420 m2;3;U$S 179.000
N22EA0;EN VENTA - TOWNHOUSE COMPLETO! CON 4 DORM, ASCENSOR Y CHURRASQUERA;Buen estado;4to anillo Condominio Multifamiliar Boulevard Hamacas, Hamacas, Santa Cruz;¡Preguntale!;4;2;185 m2;2;185 m2;1;U$S 162.500
F4ACE9;Casa en venta a estrenar Av. Paragua entre 3er y 4to anillo;A estrenar;Este, Santa Cruz;¡Preguntale!;3;3;156 m2;1;153 m2;2;U$S 172.000
JE66A3;CASA EN VENTA ZONA NORTE;Buen estado;Av. Principal, paralela a la Av. Banzer y Av. Beni casi 4to. Anillo, Hamacas, Santa Cruz;2019;5;3;363 m2;2;300 m2;2;U$S 225.000
Y3AF72;ZONA NORTE CASA EN VENTA CON PISCINA;Excelente estado;Zona norte entre 6to y 7mo anillo, Norte, Santa Cruz;¡Preguntale!;4;3;178 m2;2;178 m2;2;U$S 145.000
AD6F84;EN VENTA CASA CENTRICA A PASOS DEL COLEGIO LA SALLE;Buen estado;Paseo El Prado, Centro, Cochabamba;2001;5;3;265 m2;2;297 m2;1;U$S 207.000
KC8093;DPTO. 2 DORM. EN VENTA - COND. EIVISSA;A estrenar;OCTAVO ANILLO, Norte, Santa Cruz;2020;2;2;95 m2;1;95 m2;2;U$S 87.000
D48989;CASA EN VENTA. COND. LAGUNA AZUL;Excelente estado;condominio laguna azul, Oeste, Santa Cruz;2015;3;2;600 m2;1;158 m2;3;U$S 115.000
K56F80;CONDOMINIO LOS MANGALES;Excelente estado;CONDOMINIO LOS MANGALES, Norte, Santa Cruz;2015;3;3;233 m2;1;205 m2;2;U$S 155.000
REB28B;CASA EN VENTA, Esquina Urb. COTOCA;A estrenar;URB. COTOCA, Este, Santa Cruz;2018;3;2;398 m2;1;151 m2;2;U$S 110.000
M88C70;*Casa Sobre Avenida en el Urubo - NEGOCIOS*;Excelente estado;villa bonita urubo, Urubó, Santa Cruz;2015;3;3;634 m2;1;212 m2;3;U$S 195.000
FADAF1;CASAS EN VENTA – PROYECTO “PALMAS DE COCO”;A estrenar;urbanización palmas del norte, Norte, Santa Cruz;2022;3;2;300 m2;1;120 m2;2;U$S 75.000
G28098;Casa en Venta 3 Suites - Condominio La Casona;Excelente estado;avenida virgen de cotoca, Este, Santa Cruz;2017;3;3;150 m2;2;202 m2;2;U$S 105.000
Z93B0E;Casa a Estrenar Zona Sur;A estrenar;Av. Santos Dumont entre 7mo y 8vo anillo, Sur, Santa Cruz;2022;4;3;240 m2;1;190 m2;2;U$S 89.000
Z724FD;CASA EN VENTA EN HACIENDA DEL URUBO;Excelente estado;CONDOMINIO HACIENDA DELL URUBO, Urubó, Santa Cruz;3;4;3;790 m2;1;384 m2;3;U$S 495.000
O86CB0;CASA EN VENTA DE 2 PISOS;Excelente estado;URB. EL TRAPICHE I, Este, Santa Cruz;2020;4;3;180 m2;2;185 m2;1;U$S 60.000
G3FD9D;Amplia Casa en Condominio;Excelente estado;6to anillo frente a la ucebol, Norte, Santa Cruz;2010;4;3;414 m2;2;350 m2;2;U$S 370.000
F5B1A3;Cómoda Casa en Venta;Buen estado;condominio Santa Cruz de la Colina, Urubó, Santa Cruz;2010;4;3;400 m2;1;223 m2;1;U$S 220.000
T9F46F;Hermosa casa en el Urubo- Condominio Santa Cruz de la Colina¡;A estrenar;condominio Santa Cruz de la Colina, Urubó, Santa Cruz;2022;3;3;371 m2;1;229 m2;2;U$S 185.000
Q4C6E8;Casa en Venta en Condominio¡;Buen estado;condominio Santa Cruz de la Colina, Urubó, Santa Cruz;2005;4;3;520 m2;1;256 m2;2;U$S 245.000
AF9B4E;Departamento en Venta!;A estrenar;Barrio Hamacas, Norte, Santa Cruz;2021;3;2;120 m2;1;120 m2;1;U$S 130.000
P79456;HERMOSA CASA EN VENTA - CONDOMINIO VICTORIA;Buen estado;Roca y Coronado , Oeste, Santa Cruz;2010;3;2;347 m2;2;274 m2;2;U$S 220.000
JE81C3;Urb. Punto Alto- Casa en Venta a Estrenar;A estrenar;Av. Montecristo 7mo Anillo, Este, Santa Cruz;2021;3;2;360 m2;1;125 m2;2;U$S 94.000
X645D4;CASA EN VENTA A ESTRENAR – COND. ICARAI;A estrenar;avenida a cotoca, Este, Santa Cruz;2020;3;2;451 m2;1;112 m2;2;U$S 88.000
S6553E;CASA EN VENTA A ESTRENAR– URB. PALMA VERDE;A estrenar;URB. PALMA VERDE, Este, Santa Cruz;2021;3;2;280 m2;1;120 m2;¡Preguntale!;U$S 75.000
PEA481;CASA EN VENTA CON EXCELENTE UBICACION EN ZONA ESTE SOBRE 4TO ANILLO;Sin Definir;Av. Nicolas Suarez Nº 3100 , 4to anillo entre Av. Paragua y Av. Canal cotoca, Este, Santa Cruz;¡Preguntale!;5;3;18.963 m2;2;215 m2;2;U$S 155.000
None;CASA EN VENTA CON EXCELENTE UBICACION EN ZONA ESTE SOBRE 4TO ANILLO;None;None;¡Preguntale!;None;None;None;None;None;None;None
ZA59C5;OCASION!!! CASA $us.129.700.- SUP.229M2 ZONA NORTE AV. SIMON LOPEZ Y AV. SEGUNDA;Buen estado;av.segunda y circunvalacion, Condebamba, Cochabamba;2014;5;3;229 m2;2;224 m2;3;U$S 129.700
E9142;CONDOMINIO JARDIN EUROPA;A estrenar;Cochabamba, Cochabamba;¡Preguntale!;3;3;230 m2;¡Preguntale!;272 m2;¡Preguntale!;U$S 235.000
K70B75;Casa en Venta en Los Pinos;Excelente estado;Los Pinos, La Paz;¡Preguntale!;5;3;398 m2;3;540 m2;1;U$S 650.000
S28A64;EN VENTA HERMOSA RESIDENCIA EN ACHUMANI;Excelente estado;Urb. Privada, Achumani, La Paz;¡Preguntale!;5;3;2.700 m2;2;900 m2;3;U$S 2.500.000
OA7EFA;Elegante Casa con piscina en Venta;Excelente estado;condominio Santa Cruz de la Colina, Urubó, Santa Cruz;2005;4;3;725 m2;1;400 m2;3;U$S 420.000
FB649C;CASA EN CONDOMINIO EN VENTA! Cota Cota La Paz-Bolivia;Excelente estado;Cota Cota, La Paz;¡Preguntale!;5;3;387 m2;3;410 m2;3;U$S 460.000
UBF344;CASA EN VENTA PLENA ESQUINA;Excelente estado;Ubicado 9no anillo virgen de lujan, Norte, Santa Cruz;¡Preguntale!;3;1;43.115 m2;1;172 m2;1;U$S 39.000
Q9167B;Casa en Urubo - Villa Bonita;Excelente estado;Villa Bonita, Urubó, Santa Cruz;2016;3;3;127 m2;2;211 m2;2;U$S 129.500
EE24C8;CASA EN VENTA;Buen estado;JARDINES DEL SUR, Achumani, La Paz;¡Preguntale!;3;2;450 m2;2;250 m2;3;U$S 240.000
LBB41A;CASA EN VENTA DE 4 SUITES EN SC LA VIEJA URUBÓ - A ESTRENAR;A estrenar;Condominio Santa Cruz la Vieja, Urubó, Santa Cruz;2022;5;3;450 m2;2;320 m2;3;U$S 315.000
W395C2;HERMOSA CASA EN VENTA EN CONDOMINIO JARDINES DEL URUBO II;Buen estado;CONDOMINIO JARDINES DEL URUBO II, Urubó, Santa Cruz;2016;3;3;268 m2;2;250 m2;2;U$S 195.000
B72A6D;Vendo en Porongo una Linda Casita de campo;Excelente estado;a 8 calles de la plaza principal, Porongo, Porongo;2020;None;1;300 m2;1;76 m2;2;U$S 43.000
D79E5F;Casa en Venta 5 dormitorios en Condominio Colinas del Urubó sector 2 (Urubó);Excelente estado;Condominio Colinas del Urubó sector 2, Urubó, Santa Cruz;¡Preguntale!;5;3;1.595 m2;1;802 m2;3;U$S 1.200.000
D7785;ECONOMICA CASA EN VENTA;Buen estado;Condominio Da'ddario, Oeste, Santa Cruz;2013;2;2;300 m2;1;138 m2;2;U$S 70.000
KA3C83;ZONA UNIVALLE -CASAS en pre venta, condominio SIGMA;A estrenar;EL REMANSO y octavo anillo, Remanso, Santa Cruz;PRE VENTA;3;3;160 m2;2;165 m2;2;U$S 122.900
H5EC8E;EN VENTA ZONA NORTE, HERMOSA CASA CON PISCINA ATEMPERADA, CONDOMINIO BARCELÓ;Excelente estado;Condominio Barceló, Remanso, Santa Cruz;2016;4;3;366 m2;2;364 m2;2;U$S 295.000
V4E60E;CASA EN VENTA ZONA URUBO;Excelente estado;CONDOMINIO LA HACIENDA URUBO , Urubó, Santa Cruz;¡Preguntale!;4;3;732 m2;2;565 m2;3;U$S 850.000
UDB11F;TERRENO AMPLIO EN VENTA EN CONDOMINIO CERRADO - ZONA NORTE;Excelente estado;zona norte 5to anillo radial 26, Norte, Santa Cruz;¡Preguntale!;3;2;929 m2;1;70 m2;3;U$S 210.000
S7A47D;Condominio Jardines del Urubo 1;Buen estado;Condominio jardines del urubo 1, Urubó, Santa Cruz;2016;5;3;1.443 m2;2;1.043 m2;3;U$S 890.000
fFA51;Achumani - Propietario Vende Casa con Amplio Jardín;Buen estado;Huantaqui (Calle 6), Achumani, La Paz;2013;3;2;300 m2;2;180 m2;3;U$S 198.000
495E5;CASA EN VENTA LOMAS ALTO IRPAVI;Excelente estado;ALTO IRPAVI LOMAS DE UCHUAMAYA ENTRE C/A Y C/1, Irpavi, La Paz;2010;5;3;300 m2;3;¡Preguntale!;3;U$S 185.000
GCEFFB;Colinas del Urubo - Casa en venta;Excelente estado;Colinas del Urubo Sector 1, Urubó, Santa Cruz;2020;4;3;760 m2;2;516 m2;2;U$S 590.000
PB5359;Bella y Amplia Casa en Venta Zona Sur;Buen estado;Santos Dumont Urb. Occibol, Sur, Santa Cruz;2010;5;3;420 m2;2;285 m2;3;U$S 225.000
F7D34;Propiedad para ingresar directo;Buen estado;Norte, Santa Cruz;¡Preguntale!;3;2;130 m2;¡Preguntale!;110 m2;¡Preguntale!;U$S 87.900
Q3890E;CASA EN SEVILLA LAS TERRAZAS 1 - 3 DORM - PISCINA;Excelente estado;KM 10 AL NORTE, CONDOMINIO SEVILLA LAS TERRAZAS 1, Norte, Santa Cruz;10;3;3;212 m2;1;148 m2;2;U$S 120.000
T33471;Barrio Ramafa - Casa en Venta - 4 dorm.;Excelente estado;Santos Dumont y 2do Anillo, Sur, Santa Cruz;2013;4;3;450 m2;1;368 m2;3;U$S 315.000
Y3EDDF;INMUEBLE EN VENTA IDEAL PARA INSTITUCION O CONDOMINIO EN ZONA OESTE;Buen estado;Radial 17 1/2 entre 6to y 7mo Anillo, Doble via la guardia, Santa Cruz;¡Preguntale!;5;3;4.194 m2;3;1.760 m2;3;U$S 880.000
I83D7E;ESTRENAR CASA EN VENTA ECONOMICA;A estrenar;KM9 VIRGEN DE COTOCA, TRAPICHE., Este, Santa Cruz;2022;3;2;180 m2;1;120 m2;1;U$S 46.000
SEA9A7;Casas de lujo a estrenar y pre venta en el urubo;A estrenar;Villa bonita, Urubo, Urubó, Santa Cruz;2023;4;3;210 m2;2;157 m2;2;U$S 155.000
82378;Casa;Buen estado;Calle Nicolas Acosta a dos y media de la Plaza de San Pedro, San Pedro, La Paz;1980;5;3;572 m2;2;452 m2;¡Preguntale!;U$S 550.000
CE73DC;CASA AMOBLADA EN CONDOMINIO 5 DOR. $ 180.000.-;Excelente estado;Av. Beijing.y Av. Tadeo Haenke. , Norte, Cochabamba;2015;5;3;172 m2;3;257 m2;2;U$S 180.000
U79E37;CASA EN VENTA ZONA NORTE REMANSO 5 DORMITORIO EN CONDOMINIO CERRADO;Excelente estado;REMANSO, Remanso, Santa Cruz;5;5;3;598 m2;2;480 m2;3;U$S 305.000
A0212;Hermosa Casa a la venta - Construccion nueva;Excelente estado;Calle Alejando Guardia, final Ismael Montes a 6 cuadras de la terminal a una cuadra de la parada de la Línea 14., Sucre, Sucre;2017;4;3;200 m2;3;300 m2;1;U$S 180.000
15B62;HERMOSA CASA EN VENTA.;Excelente estado;Sur, Santa Cruz;¡Preguntale!;4;3;270 m2;¡Preguntale!;180 m2;¡Preguntale!;U$S 105.000
d667D;En venta Urubo;Excelente estado;Urubó, Santa Cruz;¡Preguntale!;4;3;552 m2;¡Preguntale!;635 m2;¡Preguntale!;U$S 520.000
RDF236;CASITA SUPER ECONOMICA;Excelente estado;Urbanización Papa Francisco, Norte, Santa Cruz;2018;3;1;26.676 m2;1;64 m2;2;U$S 38.500
E78311;CASA EN VENTA ZONA NORTE POR LA CHONTA;A estrenar;AVENIDA BANZER KM 9, Norte, Santa Cruz;NUEVA;3;3;163 m2;1;125 m2;2;U$S 80.000
C11B3;Papeles al dia;Buen estado;Avenida Mutualista Calle 36, Norte, Santa Cruz;¡Preguntale!;5;3;300 m2;2;200 m2;3;U$S 1.000
CEC9D;VENÍ A VIVIR EN CONDOMINIO SEGURO, CON ÁREAS SOCIALES Y CERCA DE TODO;Buen estado;ÁNGEL SANDOVAL, ZONA EL PARI, Oeste, Santa Cruz;2012;3;3;113 m2;3;113 m2;1;U$S 93.000
U1A7F0;ventas modernas y amplias casas ???? en CONDOMINIO CERRADO, ZONA NORTE;A estrenar;colegio cambring, Norte, Santa Cruz;¡Preguntale!;None;3;180 m2;1;110 m2;3;U$S 123.000
I6CEE7;CASA QUINTA EN VENTA POR DEBAJO DEL AVALÚO;Buen estado;Doble via la guardia, Santa Cruz;¡Preguntale!;2;2;600 m2;1;500 m2;3;U$S 80.000
667CA;Norte & Asociados vende;Excelente estado;Sur, Santa Cruz;¡Preguntale!;3;3;390 m2;¡Preguntale!;250 m2;¡Preguntale!;U$S 90.000
Y33F6D;URUBO HERMOSAS CASAS EN CONDOMINIO PRIVADO;A estrenar;Villa Bonita - Urubo, Urubó, Santa Cruz;2022;3;2;140 m2;2;177 m2;1;U$S 135.000
L6D9F9;CASA EN VENTA DE 2 PLANTA CON UN DEPARTAMENTO AUXILIAR ZONA IMBA;Buen estado;La Chimba, Cochabamba;¡Preguntale!;3;3;400 m2;¡Preguntale!;199 m2;1;U$S 156.000
C1CC0E;CASA EN VENTA EN EL URUBO CONDOMINIO SANTA CRUZ DE LA COLINA;A estrenar;Urubó, Santa Cruz;2022;3;3;371 m2;2;229 m2;3;U$S 185.000
66EB4;Casa en Venta en Condominio Santa Cruz de la Colina;Buen estado;Urubó, Santa Cruz;¡Preguntale!;3;3;350 m2;¡Preguntale!;133 m2;¡Preguntale!;U$S 125.000
I16BAE;CASA EN VENTA EN CONDOMINIO CIUDAD JARDIN;Excelente estado;ZONA NORTE AVENIDA BANZER, Norte, Santa Cruz;2016;3;3;380 m2;2;360 m2;2;U$S 370.000
X7E344;CASA EN VENTA SOBRE AVENIDA REMANSO II;Excelente estado;REMANSO II, Remanso, Santa Cruz;2015;3;3;301 m2;2;240 m2;2;U$S 185.000
U4F12C;CASA A ESTRENAR EN VENTA CERCA COLEGIO TIQUIPAYA;A estrenar;Av. Chillimarca - Calle Innominada a 100m de la Av. Ecológica , Tiquipaya, Cochabamba;2022;3;3;175 m2;2;190 m2;1;U$S 149.000
7675B;Casa en Achumani zon 23 de marzo 2da mezeta, calle principal, adoquinada;Buen estado;Achumani, La Paz;2017;3;2;200 m2;3;190 m2;3;U$S 150.000
T4D247;Casa en PREVENTA en Zona NorTe. FinanciamienTo de vivienda social;En construcción;Norte, Santa Cruz;2022;3;2;329 m2;1;104 m2;2;U$S 72.900
B5B488;CASA EN VENTA EN CONDOMINIO ZONA NORTE Av. Banzer 5to. y 6to anillo;Excelente estado;Norte, Santa Cruz;2014;3;2;168 m2;1;104 m2;1;U$S 145.000
DFAF41;CASAS ECONOMICAS EN LA ZONA DE VALLE SANCHEZ;A estrenar;URBANIZACION VALLE SANCHEZ, Norte, Santa Cruz;¡Preguntale!;3;2;250 m2;1;115 m2;2;U$S 55.000
E41E5F;VENDO REESIDENCIAL FUNCIONANDO !!!!!!!!!;Buen estado;av cañoto, Centro, Santa Cruz;10;5;3;548 m2;2;790 m2;¡Preguntale!;U$S 650.000
O1A349;CASA EN VENTA - LAS PALMERAS 2 (ZONA NORTE);A estrenar;av. cristo redentor, km 8.5, Norte, Santa Cruz;2022;4;2;160 m2;2;200 m2;1;U$S 124.900
A35AE4;VENDO REESIDENCIAL FUNCIONANDO !!!!!!!!!;Buen estado;av cañoto, Centro, Santa Cruz;10;2;3;548 m2;2;790 m2;¡Preguntale!;U$S 650.000
UD2268;HERMOSA CASA EN VENTA;Excelente estado;Ubicado en el 8vo anillo dentro del condominio Bavaria, Norte, Santa Cruz;¡Preguntale!;3;2;196 m2;1;196 m2;1;U$S 155.000
WFB860;CASAS A ESTRENAR EN VENTA;A estrenar;AVENIDA VIRGEN DE COTOCA, Este, Santa Cruz;¡Preguntale!;3;2;288 m2;1;123 m2;2;U$S 57.000
FFD48E;CASA EN VENTA - ZONA SUR;Excelente estado;Calle Santiago de Andamarca - Zona Sur, Cochabamba, Cochabamba;2017;5;3;257 m2;1;247 m2;1;U$S 159.500
K3FF03;Casa Nueva en Venta - Condominio PARK CITY;A estrenar;7mo. Anillo zona Norte, Norte, Santa Cruz;2018;3;3;146 m2;2;120 m2;2;U$S 114.500
WC090C;HERMOSA CASA MINIMALISTA, 3 PLANTAS, SECTOR AV. VICTOR USTARIZ KM 6;Buen estado;2 cuadras de la Arquimedes, Colcapirhua, Cochabamba;¡Preguntale!;None;4;200 m2;3;275 m2;1;U$S 139.000
CDFC79;Casa en venta a entrenar en zona norte;A estrenar;Av banzer km 8/1, Remanso, Santa Cruz;2022;3;2;291 m2;1;100 m2;2;U$S 79.000
DF6015;CASA EN VENTA CERCA AV. 2DA CIRCUNVALACION;Excelente estado;Cochabamba, Cochabamba;¡Preguntale!;4;3;320 m2;3;232 m2;3;U$S 164.000
XAFCD4;CASA EN VENTA CON 2 DEPARTAMENTOS COLINAS DE ANDALUCIA;En construcción;Cochabamba, Cochabamba;2020;5;3;450 m2;3;528 m2;2;U$S 230.000
207E1;LAS ORQUIDEAS;A estrenar;Este, Santa Cruz;¡Preguntale!;3;2;100 m2;¡Preguntale!;300 m2;¡Preguntale!;U$S 46.500
41B9E;Hermosa Casas en Venta;A estrenar;Oeste, Santa Cruz;2018;3;2;160 m2;2;160 m2;2;U$S 120.000
Z99B49;CASA EN VENTA ZONA URUBO CONDOMINIO JARDINES DEL URUBO l;Excelente estado;urubo, Urubó, Santa Cruz;5;4;3;800 m2;2;580 m2;3;U$S 650.000
Y230EB;Condominio Urubo Country;Excelente estado;Condominio Urubo Country , Urubó, Santa Cruz;¡Preguntale!;4;3;2.200 m2;2;1.393 m2;3;U$S 1.280.000
Z2CFF0;CASA EN VENTA AV. VIRGEN DE COTOCA 4TO ANILLO;Excelente estado;Av. Canal Cotoca casi 4to anillo, Sur, Santa Cruz;¡Preguntale!;4;3;464 m2;1;450 m2;3;U$S 179.000
L74E1B;Propiedad de lujo en Colinas Urubo;Excelente estado;Colinas del Urubo, Urubó, Santa Cruz;2019;5;3;820 m2;2;450 m2;3;U$S 530.000
D67088;CASA EN VENTA EN CONDOMINIO ZONA NORTE;Excelente estado;AV. BANZER 7MO ANILLO, Norte, Santa Cruz;2;3;3;167 m2;2;150 m2;2;U$S 149.000
AA0EB2;EN VENTA CASA EN SEVILLA LAS TERRAZAS 2;Excelente estado;CONDOMINIO SEVILLA LAS TERRAZAS 2, Norte, Santa Cruz;6;4;2;220 m2;1;180 m2;2;U$S 94.000
Q9D6AD;Casa en Venta Condominio La Fontana La Riviera 1;Buen estado;Km 8 y medio entre G77 y Avenida Internacional, Norte, Santa Cruz;2017;3;2;264 m2;1;108 m2;1;U$S 95.000
PD3633;CASA EN VENTA CONDOMINIO "FLORESTA";Excelente estado;Av. Banzer entre 5to y 6to anillo, Norte, Santa Cruz;¡Preguntale!;3;3;200 m2;2;180 m2;2;U$S 168.000
159BE;VENTA DE CASA POR NECESIDAD DE ENFERMEDAD;Excelente estado;barrio jardin latino calle sayubu # 55, Oeste, Santa Cruz;2005;3;2;391 m2;1;290 m2;1;U$S 140.000
X94B0A;EN VENTA PRECIOSA CASA EN UMAMANTA;Excelente estado;Umamanta, Umamanta, La Paz;¡Preguntale!;5;3;570 m2;2;360 m2;3;U$S 355.000
FF70D5;CASA EN ZONA DE GRAN PLUSVALIA - TARIJA;A estrenar;San Blas, cerca a la villa olímpica. S/N, Tarija, Tarija;¡Preguntale!;3;2;300 m2;1;300 m2;3;U$S 95.000
CD8FF3;CASA AMPLIA EN HERMOSA ZONA CERCA AL BOSQUESILLO DE TOMATITAS TARIJA;Excelente estado;Callejon de Tomatitas - Tarija, Tarija, Tarija;¡Preguntale!;5;3;349 m2;3;290 m2;3;U$S 169.000
M5F5DB;CASA EN VENTA CON TERRENO GRANDE Y DOBLE CONSTRUCCION Santos Dumont y Radial 13;Buen estado;Santos Dumont y Radial 13, 4to y 5to anillo, Sur, Santa Cruz;1995;4;3;420 m2;1;202 m2;2;U$S 199.000
P199B1;CASA EN VENTA TIPO MINIMALISTA DE 3 DORMITORIOS Av, Cumavi 5TO Y 6TO;Buen estado;A una cuadra de la Av, Cumavi entre 5to y 6to anillo. , Este, Santa Cruz;2015;3;2;177 m2;2;175 m2;2;U$S 125.000
MFE413;ESPECTACULARES CASAS EN VENTA Y EN PREVENTA - Cotoca;A estrenar;Municipio de Cotoca, entre 1er y 2do anillo, barrio San pablo, Cotoca, Cotoca;2022;3;2;240 m2;1;215 m2;2;U$S 69.000
OCCDFE;CASA EN VENTA DE OCASIÓN;Excelente estado;Ubicación: Virgen de Cotoca entre 8vo y 9no anillo, Este, Santa Cruz;¡Preguntale!;2;1;250 m2;1;250 m2;1;U$S 55.000
JEADA9;CASA EN VENTA ZONA CALA CALA 5 HABITACIONES;Excelente estado;Cochabamba, Cochabamba;2007;5;3;615 m2;1;256 m2;3;U$S 490.000
BE8F2C;CASA DE 9 DORMITORIOS EN VENTA ZONA NORTE;Excelente estado;Avenida Radial 26, Norte, Santa Cruz;2021;5;3;436 m2;2;485 m2;3;U$S 239.000
MB16E3;HERMOSA CASA EN VENTA;Excelente estado;entré noveno anillo y décimo palma verde, Este, Santa Cruz;¡Preguntale!;2;1;200 m2;1;100 m2;1;U$S 60.000
C5441A;HERMOSA CASA EN VENTA A ESTRENAR;Excelente estado;av. Monte Cristo y Madre selva entre octavo y Noveno anillo, Este, Santa Cruz;¡Preguntale!;3;2;200 m2;1;100 m2;2;U$S 110.000
Y700C1;URBANIZACION VIRU VIRU;A estrenar;URBANIZACION VIRU VIRU, Norte, Santa Cruz;2022;2;1;235 m2;1;90 m2;2;U$S 49.000
TEA1BD;Vendo hermosa casa amoblada en condominio;Excelente estado;calle jose otero, Doble via la guardia, Santa Cruz;¡Preguntale!;3;3;155 m2;2;155 m2;2;U$S 180.000
GC073B;CASA EN VENTA CON TIENDA CERCA CEMENTERIO CONCORDIA;Buen estado;Cochabamba, Cochabamba;2014;5;3;200 m2;2;310 m2;2;U$S 145.000
X5FFEB;Casa Venta Achumani;Excelente estado;MANZANO C, LOTE Nº 3, CASA Nº 4, ACHUMANI PAMIRPAMPA, Achumani, La Paz;2016;4;3;14.321 m2;3;34.740 m2;2;U$S 250.000
S1A242;HERMOSA RESIDENCIA EN VENTA EN ACHUMANI SUPER CÉNTRICA;Excelente estado;Av. Principal, Achumani, La Paz;¡Preguntale!;4;3;758 m2;2;492 m2;3;U$S 720.000
R27A17;CASA EN VENTA;Excelente estado;Ubicado doble vía la guardia km 16, Sur, Santa Cruz;¡Preguntale!;5;2;533 m2;1;150 m2;2;U$S 65.000
D700C6;DOS CASA JUNTAS EN VENTA EN PLENO DE SOPOCACHI EXCELENTE UBICACIÓN;Buen estado;Sopocachi, La Paz;¡Preguntale!;5;3;380 m2;3;378 m2;2;U$S 370.000
LA4BD3;Linda casa en venta condominio La Fontana Riviera 2;Excelente estado;Zona norte G77, Norte, Santa Cruz;¡Preguntale!;3;2;346 m2;1;196 m2;2;U$S 136.000
WBB9B2;Casa de lujo en venta con piscina en condominio zona Urubo;Buen estado;Urubo en condominio, Urubó, Santa Cruz;¡Preguntale!;4;3;545 m2;2;515 m2;3;U$S 410.000
TA44FA;PROPIEDAD DE RENTAS CON DOS SALONES ZONA NUEVA NOROESTE COCHABAMBA;Excelente estado;Noroeste, Cochabamba;¡Preguntale!;3;3;718 m2;2;577 m2;3;U$S 320.000
M728C0;Hermosa casa en venta zona Sur;Excelente estado;Urbanización España, Sur, Santa Cruz;2020;4;3;381 m2;2;372 m2;3;U$S 245.000
H77686;CASA EN VENTA EN CONDOMINIO SANTA CRUZ DE LA COLINA;A estrenar;Urubó, Santa Cruz;2022;3;3;625 m2;2;405 m2;3;U$S 310.000
H6E580;CASA EN VENTA EN CONDOMINIO SANTA CRUZ DE LA COLINA;A estrenar;CONDOMINIO SANTA CRUZ DE LA COLINA , Urubó, Santa Cruz;2022;3;3;625 m2;2;405 m2;3;U$S 310.000
T48AA1;Casa en venta Barrio Hamacas;Buen estado;Zoan Residencial entre Av. Alemana y Beni 3er y 4to anillo, Hamacas, Santa Cruz;2015;5;3;550 m2;2;457 m2;1;U$S 470.000
I461EE;CASA EN VENTA EN CONDOMINIO ZONA NORTE RADIAL 26;Excelente estado;NORTE, Norte, Santa Cruz;5;3;2;160 m2;1;114 m2;2;U$S 104.000
U6F0AB;Townhouse a estrenar Av. Paragua entre 3er y 4to anillo;A estrenar;Av. Paragua entre 3er y 4to anillo, Este, Santa Cruz;¡Preguntale!;3;1;73 m2;1;138 m2;2;U$S 97.000
A013AD;Casa en venta en condominio zona norte;Buen estado;Av. Radial 26 6to anillo, Norte, Santa Cruz;¡Preguntale!;3;3;160 m2;2;114 m2;2;U$S 104.000
FF10D2;CASA EN VENTA;Buen estado;Villa Bonita , Urubó, Santa Cruz;¡Preguntale!;3;3;127 m2;2;211 m2;2;U$S 129.500
D832DD;Casa en venta en condominio zona norte;Buen estado;Av. Banzer entre 5to y 6to anillo, Norte, Santa Cruz;¡Preguntale!;3;2;168 m2;1;104 m2;2;U$S 145.000
BE418A;HERMOSA CASA EN VENTA EN CONDOMINIO ZONA NORTE 5TO ANILLO;Excelente estado;AVENIDA BANZER 5TO ANILLO, Norte, Santa Cruz;2015;3;3;220 m2;2;168 m2;2;U$S 187.000
S4076E;COMPRA ESTA HERMOSA CASA EN CONDOMINIO CERRADO;Excelente estado;URBANIZACION LOS ROSALES, Calacoto, La Paz;¡Preguntale!;None;3;152 m2;2;191 m2;3;U$S 178.000
R77257;CASA DE LUJO EN VENTA - URUBO;A estrenar;SANTA CRUZ LA COLINA, Urubó, Santa Cruz;2023;4;3;406 m2;2;300 m2;1;U$S 289.000
WBBC0A;CASA EN VENTA ZONA URUBO;A estrenar;urubo, Urubó, Santa Cruz;1;4;3;450 m2;1;450 m2;2;U$S 410.000
XBB143;VENTA DE CASA ¡¡¡¡¡EXCLUSIVA!!!!;Buen estado;Zona Cambodromo Calle Tajivo/Almendra, Norte, Santa Cruz;2018;2;1;15 m2;1;10 m2;1;U$S 40.000
N53C57;VENTA DE CASA ¡¡¡¡¡EXCLUSIVA!!!!;Buen estado;Zona Cambodromo Calle Tajivo/Almendra, Ciudadelas, Santa Cruz;2018;2;1;15 m2;1;10 m2;1;U$S 40.000
WCA8FE;CASA EN VENTA EN CONDOMINIO SANTA CRZU DE LA COLINA;A estrenar;urubo, Urubó, Santa Cruz;1;3;3;625 m2;2;405 m2;2;U$S 310.000
I4A2D8;Casa en venta a estrenar av santos Dumont 6to anillo;A estrenar;Av santos Dumont 6to anillo y 7mo anillo , Sur, Santa Cruz;2022;3;3;299 m2;2;240 m2;2;U$S 134.800
J9339D;CASA EN VENTA ZONA CENTRO Calle Independencia;Buen estado;Calle Independencia a media cuadra de la plaza principal 24 de septiembre , Centro, Santa Cruz;1980;1;2;21.658 m2;1;150 m2;1;U$S 200.000
X42120;CASA EN VENTA LAS PALMITAS;A estrenar;UV 175 URBANIZACION LAS PALMITAS, Sur, Santa Cruz;2023;3;3;195 m2;2;140 m2;2;U$S 89.900
LBE7DA;Casa en venta, zona oeste 4to Anillo;A estrenar;Zona Oeste, 4to Anillo , Oeste, Santa Cruz;2023;4;3;180 m2;2;195 m2;2;U$S 148.000
F869FC;AUQUISAMAÑA, CASA 4D EN VENTA CON GARZONIER EN GRAN UBICACIÓN;Excelente estado;BAJO AUQUISAMAÑA, Auquisamaña, La Paz;¡Preguntale!;4;3;300 m2;2;438 m2;3;U$S 275.000
ND1ED1;Terreno En Venta Av. Doble Vía 6to anillo y radial 16;Requiere mantenimiento;Oeste, Santa Cruz;¡Preguntale!;4;2;455 m2;1;240 m2;3;U$S 112.000
P09F28;CASA EN VENTA - AV. ALEMANA;Excelente estado;ALEMANA, Norte, Santa Cruz;2010;5;3;756 m2;2;600 m2;3;U$S 395.000
B4CA7D;ATENCION INVERSIONISTAS - CASA AMPLIA EN PLENO CENTRO DE LA CIUDAD DE TARIJA;Buen estado;C/ Méndez y Virginio Lema N°418, Tarija, Tarija;¡Preguntale!;5;3;195 m2;1;338 m2;1;U$S 233.000
B1DFBA;EN VENTA BELLA Y MODERNA CASA EN ACHUMANI A PASOS CALLE 22;Excelente estado;Calle 22, Achumani, La Paz;¡Preguntale!;4;3;440 m2;2;560 m2;1;U$S 450.000
X9C7FD;CASA EN VENTA ZONA NORTE CON PISCINA;Buen estado;Queru Queru, Cochabamba;2016;5;3;300 m2;2;429 m2;2;U$S 340.000
CFE15A;En el Urubo, Hermosa Casa de 6 dorms de 1050m2 construidos;Buen estado;Urubó a 3 minutos del puente, Urubó, Santa Cruz;2015;5;3;1.600 m2;1;1.050 m2;3;U$S 890.000
J95593;HERMOSA CASA EN VENTA NORTE BENI Y BANZER 4TO Y 5TO ANILLO;Excelente estado;BANZER Y BENI 4TO Y 5TO ANILLO, Norte, Santa Cruz;2010;5;3;406 m2;2;330 m2;3;U$S 340.000
W6CDC5;PRECIOSA CASA EN VENTA CERCA DE UNIVERSIDAD PRIVADA BOLIVIANA;Excelente estado;Cerca a la U.P.B., en Urbanización Privada, Achocalla, La Paz;2020;4;3;250 m2;3;380 m2;3;U$S 178.000
AD4344;PROPIEDAD EN VENTA A DOS CUADRAS DE LA TERMINAL DE BUSES;Sin Definir;Av. Chacaltaya, Centro, La Paz;¡Preguntale!;5;3;630 m2;2;850 m2;3;U$S 420.000
VBE15D;CASA EN VENTA - ACHUMANI;Excelente estado;HUACOLLO - ACHUMANI, Achumani, La Paz;2002;4;3;331 m2;3;491 m2;2;U$S 398.000
YCAB55;CASA EN VENTA;Excelente estado;Ubicada en cond. La posada de los jardines a 5 minutos del puente del Urubo, Oeste, Santa Cruz;¡Preguntale!;5;2;334 m2;1;400 m2;2;U$S 290.000
V2049A;EXCLUSIVA CASA DE LUJO DENTRO DE CONDOMINIO EN ZONA NORTE;Excelente estado;CONDOMINIO LE PARC, Norte, Santa Cruz;2022;4;3;383 m2;2;463 m2;3;U$S 420.000
L37BBE;HERMOSA CASA EN VENTA A ESTRENAR EN AV. BANZER;A estrenar;AVENIDA CRISTO REDENTOR, Remanso, Santa Cruz;¡Preguntale!;4;3;300 m2;2;181 m2;2;U$S 110.000
H7AFA1;HERMOSA CASA 4 DORM.+ 3 GARAJES . PROX. EL BOSQUE I;Excelente estado;condominio el bosque, Tiquipaya, Cochabamba;2019;4;3;305 m2;2;270 m2;3;U$S 189.000
S62581;Casa en venta de Ocasión con piscina, Equipetrol;Buen estado;Entre 3er y 4to anillo, Equipetrol Norte, Equipetrol, Santa Cruz;15;4;3;314 m2;2;247 m2;2;U$S 345.000
CC07A6;CASA EN VENTA - URUBO;Excelente estado;Santa cruz de la vieja, Urubó, Santa Cruz;¡Preguntale!;4;3;546 m2;2;500 m2;3;U$S 410.000
B1F9D;CASA DE LUJO A ESTRENAR-LA HACIENDA DEL URUBO;A estrenar;CONDOMINIO LA HACIENDA DEL URUBO, Urubó, Santa Cruz;2019;5;3;754 m2;3;640 m2;3;U$S 630.000
95E85;HERMOSA CASA EN EL URUBO, OFERTA;Excelente estado;Urbanización jardines del Urubó II calle caoba nª 16, Urubó, Santa Cruz;2009;3;3;420 m2;2;160 m2;1;U$S 180.000
KF2044;Lujosa casa equipada al detalle en Condominio exclusivo(Zona Oeste).;Excelente estado;Radial 17/12 y Av. Pirai 4y5 Anillo., Oeste, Santa Cruz;¡Preguntale!;3;2;289 m2;2;315 m2;1;U$S 285.000
U3DB95;CASA EN VENTA;Excelente estado;6 Anillo, Virgen de Luján, Este, Santa Cruz;¡Preguntale!;4;1;360 m2;1;200 m2;1;U$S 95.000
QC230D;Casa de 3 dormitorios en zona Este;Excelente estado;Barrio Guapilo Norte santa cruz, Este, Santa Cruz;2 años;3;2;340 m2;1;131 m2;2;U$S 56.700
Z7B046;Condominio Portales Del Norte PRE-VENTA;A estrenar;Av. Banzer Zona Condominios Sevilla, Norte, Santa Cruz;2022;3;3;180 m2;3;240 m2;2;U$S 109.900
X261AA;CHALET MODERNO EN VENTA ZONA SANTIAGUILLA “TIQUIPAYA”;Buen estado;zona tiquipaya, Tiquipaya, Cochabamba;2019;3;3;819 m2;1;350 m2;1;U$S 299.000
W29CD8;CASA EN VENTA OPORTUNIDAD!!! $us.- 117.000.- INM. HOSPITAL DEL NORTE CONDEBAMBA;Buen estado;AV. BEIJING Y CIRCUNVALACION, Norte, Cochabamba;2012;3;3;150 m2;2;180 m2;1;U$S 117.000
CF5D58;CASA EN VENTA ZONA NORTE;A estrenar;Norte, Santa Cruz;¡Preguntale!;3;3;180 m2;1;137 m2;2;U$S 84.900
I4AC42;OBTEN TU CASA AL MEJOR PRECIO EN VENTA;A estrenar;12avos anillo frente a ciudad de Dios sobre la carrera virgen de lujan, Este, Santa Cruz;2022;2;1;360 m2;1;687 m2;1;U$S 33.000
JD6D79;ESPECTACULAR OFERTA EN ZONA NORTE A ESTRENAR‼️;A estrenar;Urbanizacion MOTACÚ, Norte, Santa Cruz;2021;3;2;300 m2;1;110 m2;2;U$S 57.000
Z6AC44;por solo 95.000, CASAS AL NORTE , CONDOMINIO COLONIAL I;A estrenar;BANZER AL FRENTE DE SEVILLA PINATAR 1 , Norte, Santa Cruz;a estrenar;3;3;14.555 m2;2;14.875 m2;2;U$S 95.000
6F4B9;EN VENTA O PERMUTA POR VEHICULO O TERRENO. CASA AV. CIVICA DON BOSCO REF. 680805;A estrenar;Casa de 3 plantas muy céntrico y estratégico en plena Avenida Integración, Av. Cívica, Av. La Paz, Av. Arica, Av. Panorámica, una de las avenidas comunica 6 de marzo y autopista ceja, a unos pasos de Ciudad Satélite Nuevo Complejo Deportivo y frente Insti, Ciudad Satélite, El alto;2017;5;2;240 m2;3;495 m2;3;U$S 19.800
M883DA;Bella Casa en Venta - Parque Floresta;Excelente estado;Condominio PARQUEO FLORESTA, Doble via la guardia, Santa Cruz;2015;3;3;410 m2;1;187 m2;2;Consultar
JA0794;Colinas del Urubo sector 2;Excelente estado;Colinas del Urubo sector 2, Urubó, Santa Cruz;2016;4;3;1.507 m2;2;501 m2;3;U$S 790.000
N5BB57;CASA EN VENTA A ESTRENAR ZONA ESTE Av. Paragua, entre 3er. y 4to. anillo;A estrenar;AVENIDA PARAGUA ENTRE 3ER y 4TO ANILLO, Este, Santa Cruz;2022;3;3;156 m2;2;153 m2;2;U$S 172.000
O70239;Casa Barrio Guapuru I;Buen estado;Este, Santa Cruz;2014;3;2;336 m2;1;105 m2;3;U$S 75.000
ICE5D4;Casa en venta a estrenar;A estrenar;Urbanización Akualand, Norte, Santa Cruz;2022;3;2;103 m2;1;240 m2;2;U$S 65.000
TDCC7E;Casas en Venta | Condominio LE PARC;A estrenar;Condominio LE PARC, Norte, Santa Cruz;2017;3;3;300 m2;1;200 m2;2;U$S 165.000
IF081F;CASA EN PRE-VENTA, ZONA SUR, EL FUERTE;A estrenar;Zona Sur, Barrio El Fuerte, Sur, Santa Cruz;¡Preguntale!;3;3;280 m2;2;202 m2;2;U$S 99.700
H79355;CASAS A CREDITO DIRECTO SIN PAPELEOS;A estrenar;Av. Virgen de Lujan altura del Km 11 y 12. Urbanización Estelita 1, Este, Santa Cruz;2022;2;1;360 m2;1;687 m2;2;U$S 33.000
D22400;CASA EN VALLE SANCHEZ;Buen estado;ZONA NORTE, VALLE SANCHEZ, Norte, Santa Cruz;¡Preguntale!;3;1;360 m2;1;89 m2;3;U$S 45.000
Z49940;CASAS NUEVAS A ESTRENAR EN VENTA;A estrenar;Condominio Cerrado - Villa Bonita, Urubó, Santa Cruz;2022;3;2;180 m2;2;175 m2;2;U$S 140.000
G31924;Casa a ESTRENAR zona este;A estrenar;Av virgen de lujan 8vo anillo, Este, Santa Cruz;2021;3;3;180 m2;1;90 m2;2;U$S 49.000
X5A752;Casa Zona Norte Avenida Banzer km 8 1/2;A estrenar;Avenida Banzer km 8 1/2 , Remanso, Santa Cruz;2022;3;3;201 m2;2;160 m2;2;U$S 105.000
CCB481;Hermosas casas en PRE VENTA zona norte;En construcción;Av Banzer noveno anillo, Remanso, Santa Cruz;¡Preguntale!;3;2;187 m2;1;115 m2;1;U$S 89.900
M32B33;LINDA CASA SOPOCACHI;Excelente estado;ASPIAZU CASI ABDON SAAVEDRA, Sopocachi, La Paz;¡Preguntale!;3;2;119 m2;2;153 m2;¡Preguntale!;U$S 160.000
U735A9;CASAS DE DOS PISOS EN VENTAS;Excelente estado;Ubicado en la urbanización bella norte entrada por satélite y la g77, Norte, Santa Cruz;¡Preguntale!;3;1;240 m2;1;938 m2;1;U$S 45.000
K561FD;TERRENO EN VENTA COMPLEJO CAMPESTRE NORTE 1;Sin Definir;COMPLEJO CAMPESTRE NORTE 1, Norte, Santa Cruz;¡Preguntale!;¡Preguntale!;1;1.616 m2;1;¡Preguntale!;1;U$S 62.500
G7F18A;CASA ECONOMICA EN VENTA ZONA NORTE;Buen estado;Av. Banzer, Km 9, Norte, Santa Cruz;¡Preguntale!;3;2;200 m2;1;11.298 m2;1;U$S 85.000
HA0066;A ESTRENAR CASA CON PISCINA FUERA DE CONDOMINIO;A estrenar;AVENIDA BANZER 8VO ANILLO, Remanso, Santa Cruz;2022;4;3;260 m2;2;200 m2;2;U$S 155.000
ID8E57;HERMOSA CASA EN CONDOMINIO ZONA NORTE;Excelente estado;CONDOMINIO LAS BRISAS, Norte, Santa Cruz;2019;4;3;453 m2;2;410 m2;3;U$S 350.000
None;HERMOSA CASA EN CONDOMINIO ZONA NORTE;None;None;2019;None;None;None;None;None;None;None
KAB418;CASA EN PRE-VENTA, ZONA SUR, EL FUERTE;A estrenar;Zona Sur, Barrio El Fuerte, Sur, Santa Cruz;¡Preguntale!;3;3;280 m2;1;222 m2;2;U$S 106.700
Q804EF;En Venta! Hermosas Casas en Pre-Venta en Zona Norte;A estrenar;Av. Cristo Redentor Km. 8 1/2, Norte, Santa Cruz;2021;3;3;160 m2;1;95 m2;2;U$S 83.000
B3F71F;DE OCASIÒN SE VENDE AMPLIA CASA EN AV. SANTOS DUMONT;Excelente estado;Santos Dumont, 6to. Anillo Urb. Las Palmitas C. Sao, Sur, Santa Cruz;2012;3;3;245 m2;2;179 m2;2;U$S 115.000
W72B44;CASA EN VENTA A ESTRENAR ZONA SUR 5TO Y 6TO ANILLO;Buen estado;Av. Santos Dumont, entre 5to y 6to anillo., Sur, Santa Cruz;2021;4;3;245 m2;2;200 m2;2;U$S 126.000
O9F274;Casa en venta a estrenar Av. Paragua entre 3er y 4to anillo;A estrenar;Av. Paragua entre 3er y 4to anillo, Este, Santa Cruz;¡Preguntale!;3;3;156 m2;2;153 m2;2;U$S 172.000
OB638F;CASA EN VENTA EN URBARI;Buen estado;Urbari, calle Universo N°127, Urbari, Santa Cruz;1995;4;3;26.250 m2;2;26.186 m2;2;U$S 194.600
I209ED;CASA A ESTRENAR EN VENTA Paralela a la Av. Cumavi;A estrenar;Paralela a la Av. Cumavi entre 7mo y 8vo anillo, Este, Santa Cruz;2022;4;3;18.206 m2;2;226 m2;2;U$S 117.800
Y26700;CASA A ESTRENAR ZONA SUR SANTOS DUMONT;A estrenar;ZONA SUR SANTOS DUMONT UBICACION. Barrio Guapay cerca del Hospital Francés, Sur, Santa Cruz;2005;3;2;180 m2;2;182 m2;1;U$S 113.000
T500F5;CASA EN VENTA EN CONDOMINIO ZONA NORTE Av. Banzer, entre 5to. y 6to anillo;Excelente estado;AVENIDA BANZER ENTRE 5, Norte, Santa Cruz;2011;3;2;168 m2;1;104 m2;1;U$S 145.000
SC0F6D;HERMOSA CASA A ESTRENAR EN VENTA;A estrenar;Av alemana 3er y 4to anillo , Norte, Santa Cruz;2022;3;3;180 m2;1;160 m2;2;U$S 160.000
HC5CEB;CASA EN VENTA EN CONDOMINIO ZONA NORTE;A estrenar;NORTE, Norte, Santa Cruz;2;3;3;168 m2;1;104 m2;2;U$S 145.000
L76D43;CASA EN VENTA A ESTRENAR ZONA ESTE;A estrenar;paragua, Este, Santa Cruz;¡Preguntale!;3;3;156 m2;1;153 m2;2;U$S 170.000
KC57C0;Casa a Estrenar Zona Este Preventa;A estrenar;cumavi, Este, Santa Cruz;2023;3;3;180 m2;1;157 m2;2;U$S 105.000
WBA1DA;LINDA CASA DE 1 PLANTA ZONA OESTE;Excelente estado;Doble via la guardia, Santa Cruz;¡Preguntale!;3;2;313 m2;1;250 m2;2;U$S 160.000
W7F3E1;CASA COMERCIAL EN ESQUINA SOBRE CALLE LIBERTAD;Excelente estado;Calle Libertad, Centro, Santa Cruz;¡Preguntale!;2;3;479 m2;1;408 m2;3;U$S 365.000
M6432A;CASA EN REMANSO;Buen estado;AV BANZER, Remanso, Santa Cruz;2016;3;2;300 m2;1;154 m2;2;U$S 89.500
C9ADEE;Casas Pedraza;A estrenar;Calle Pedraza #7, Irpavi, La Paz;2023;3;3;200 m2;3;383 m2;2;U$S 230.000
P5E5E7;CASA DE LUJO EN EL URUBO SECTOR LA COLINA, CONDOMINIO LA CAÑADA;Excelente estado;URUBO SECTOR LA COLINA, Urubó, Santa Cruz;¡Preguntale!;4;3;1.335 m2;2;823 m2;3;U$S 750.000
FA29D9;Casa Zona Equipetrol Barrio Sirari Para Inversionista;Excelente estado;Barrio Sirari Equipetrol, Equipetrol, Santa Cruz;2000;3;3;337 m2;2;282 m2;2;U$S 340.000
Q5C254;DEPARTAMENTO A ESTRENAR DE 2 DORMITORIOS EN VENTA ZONA NORTE;A estrenar;NORTE, Norte, Santa Cruz;1;2;2;8.642 m2;1;8.642 m2;1;U$S 92.000
I8152A;VENDO BONITA CASA ZONA EL REMANSO;Excelente estado;KM 9 AL NORTE, Norte, Santa Cruz;¡Preguntale!;3;3;158 m2;2;195 m2;2;U$S 105.000
U5A0F;URBANIZACION BELLA NORTE- CASAS CRÉDITO DIRECTO SIN INTERÉS;A estrenar;Satelinte Norte, Norte, Santa Cruz;1;2;2;240 m2;1;62 m2;1;U$S 37.000
Y7629C;VENDO CASA DE DOS PLANTA A ESTRENAR EN CONDOMINIO ZONA CHILIMARCA INMEDIACIONES AV. CARACOL;Buen estado;INMEDIACIONES COLEGIO TIQUIPAYA, Tiquipaya, Cochabamba;¡Preguntale!;3;3;200 m2;¡Preguntale!;196 m2;1;U$S 149.000
B76265;CASA EN VENTA - 5to. BANZER;Buen estado;Norte, Santa Cruz;4;5;3;237 m2;3;320 m2;3;U$S 225.000
J8D829;CASA EN VENTA ZONA TERCER ANILLO AV PIRAI Y RADIAL 19;Requiere mantenimiento;CALLA J.J. MARTINEZ A 3 CUADRAS DEL COMERCIAL INDANA, Oeste, Santa Cruz;¡Preguntale!;3;2;340 m2;1;340 m2;¡Preguntale!;U$S 125.000
KC7FB3;CASAS EN PRE VENTA - LOMAS DE ACHUMANI;En construcción;LOMAS DE ACHUMANI SECTOR URBANIZACION ENTEL, Lomas de Achumani, La Paz;2022;3;3;100 m2;3;200 m2;2;U$S 130.000
OA95B3;VENTA EQUIPETROL CASA;Buen estado;C/Nicolas Ortiz, Equipetrol, Santa Cruz;2005;3;3;250 m2;1;175 m2;2;U$S 309.000
P1B105;CASA EN VENTA - ZONA OESTE;A estrenar;km 7 1/2, entrando por la Doble Vía La Guardia, Oeste, Santa Cruz;2022;3;3;195 m2;2;185 m2;2;U$S 116.500
I76E3F;LUJOSA CASA EN VENTA;Excelente estado;Ubicada en la zona Oeste de ciudad a una cuadra de la Doble Vía La Guardia y 6to anillo., Doble via la guardia, Santa Cruz;¡Preguntale!;4;3;333 m2;2;340 m2;2;Consultar
K93947;CASA EN VENTA EN CONDOMINIO SEVILLAS LAS TERRAZAS II;Buen estado;AV G77 ???????????????????????????? ???????????? ???????????????????????????????? ????????, Norte, Santa Cruz;2015;3;2;220 m2;2;142 m2;3;U$S 103.000
I44BEB;Casa en Condominio Reconocido en Zona Norte;Buen estado;Zona Norte noveno anillo avenida G77, Norte, Santa Cruz;¡Preguntale!;3;2;305 m2;1;156 m2;2;U$S 100.000
PC03F8;Casa Zona Sur - Barrio LOS CHOFERES;Buen estado;Calle Tte Alderete, Sur, Santa Cruz;2000;4;3;435 m2;1;270 m2;2;U$S 298.000
FE18FB;Casa de 3 Dorm con Precio Rebajado por Agosto! Zona Norte!;A estrenar;Urbanizacion Akualand, Carretera al Norte, Norte, Santa Cruz;2022;3;2;330 m2;1;116 m2;2;U$S 59.000
Q1AB62;CASA EN VENTA EN LA ZONA DEL REMANSO;Buen estado;ZONA NORTE KM 8 1/2 URBANIZACION EL REMANSO, Remanso, Santa Cruz;2018;3;2;300 m2;1;154 m2;2;U$S 89.500
ICAC7F;CASA EN VENTA SACABA COCHABAMBA;Buen estado;Sacaba, Cochabamba;2017;4;2;378 m2;1;194 m2;1;U$S 113.500
c7F92;LUJOSA CASA EN VENTA - ZONA OESTE;Excelente estado;Doble Vía La Guardia, Km 6, Doble via la guardia, Santa Cruz;2000;4;3;650 m2;3;266 m2;3;Consultar
W45D9C;ZONA EL REMANSO AMPLIA CASA DE UNA PLANTA EN VENTA;Buen estado;ZONA JARDINES DEL REMANSO, Norte, Santa Cruz;¡Preguntale!;3;3;360 m2;1;205 m2;2;U$S 138.000
TFC94E;CASA ECONOMICA EN VENTA A ESTRENAR 46500;A estrenar;zona sur, Sur, Santa Cruz;2022;2;2;400 m2;1;120 m2;3;U$S 46.000
S7B94D;Casa en venta zona norte condominio casa club norte;Buen estado;Av Banzer km 8 1/2 condominio casa club norte, Norte, Santa Cruz;2012;3;3;167 m2;1;140 m2;2;U$S 79.000
KA48E7;Zona NORTE, Casas de 4 dormitorios en condominio;A estrenar;Av. Beni entre 8vo y 9no anillo, Norte, Santa Cruz;2022;4;3;225 m2;1;206 m2;3;U$S 155.900
S8FB46;Casa en venta Urubo Golf;Excelente estado;urubo golf, Urubó, Santa Cruz;2;4;3;1.038 m2;2;580 m2;1;U$S 825.000
86AE2;Impecable Casa en Venta;A estrenar;lujan, Norte, Santa Cruz;2018;3;1;170 m2;1;80 m2;1;U$S 44.000
L43BFD;Hermosa Casa totalmente remodelada y renovada;Excelente estado;Condominio Cerrado, Hamacas, Santa Cruz;2015;4;3;414 m2;2;350 m2;2;U$S 370.000
R238DF;Casa a Estrena Económica;A estrenar;Km 7 y medio a Cotoca - Urbanización Trapiche, Norte, Santa Cruz;2022;2;1;184 m2;1;84 m2;2;U$S 38.000
FA231B;Hermoso condominio;Buen estado;Norte, Santa Cruz;¡Preguntale!;3;3;312 m2;1;174 m2;2;U$S 230.000
BA8BAE;BONITA CASA EN VENTA Urbanización Las Palmitas.;Buen estado;Zona Sur 6to Anillo, Urbanización Las Palmitas., Sur, Santa Cruz;2015;3;2;270 m2;2;170 m2;2;U$S 108.000
N222F4;Excelente invercion;Buen estado;Norte, Santa Cruz;¡Preguntale!;5;3;646 m2;2;448 m2;3;U$S 345.000
ABA72E;HERMOSA CASA EN ALQUILER O EN VENTA COND. "LA FONTANA LA RIVIERRA;Buen estado;Zona Norte, Km. 9 1/2 Av. G-77, Norte, Santa Cruz;2015;3;3;231 m2;2;180 m2;2;U$S 100.000
OF9F84;HERMOSA CASA EN VENTA DE 3 DORMITORIOS Radial 26, 9no anillo;Buen estado;Radial 26, 9no anillo, entrando por Mainter, Norte, Santa Cruz;2014;3;2;199 m2;1;150 m2;3;U$S 89.800
X83CB2;CASA EN VENTA EN ZONA NORTE Urbanización Palos Verdes.;Buen estado;Urbanización Palos Verdes 7MO AV. BENI, Norte, Santa Cruz;2012;3;2;312 m2;1;138 m2;2;U$S 78.500
VB5FEA;HERMOSA PROPIEDAD EN VENTA ZONA CHIQUICOLLO- FINAL AMERICA OESTE;Buen estado;INMEDIACIONES CHIQUICOLLO- FINLA AMERICA OESTE, Sarco, Cochabamba;¡Preguntale!;3;4;300 m2;3;200 m2;1;U$S 165.000
L9EEEE;CASA EN VENTA - Barrio Urbari;Excelente estado;Calle Barachavi, esq. Igmiri, Urbari, Santa Cruz;1984;5;2;799 m2;1;400 m2;3;U$S 450.000
B549AC;Casa en venta zona norte cond Buganvillas;Buen estado;buganvillas, Remanso, Santa Cruz;15;3;3;266 m2;2;174 m2;2;U$S 169.000
IA4C2F;Condominio zona Oeste;Buen estado;Condominio Cerrado, entre 5to y 6to anillo, Oeste, Santa Cruz;1995;3;3;860 m2;2;300 m2;3;Consultar
D1A8EF;Casa a estrenar cerca de Aqualand;A estrenar;Autovia al norte, Norte, Santa Cruz;2022;3;3;300 m2;1;180 m2;2;U$S 49.000
M6516A;ZONA NORTE HERMOSAS CASAS GEMELAS A ESTRENAR EN VENTA;A estrenar;Alemana 5to anillo, Norte, Santa Cruz;¡Preguntale!;3;3;150 m2;2;180 m2;2;U$S 175.000
GF1000;CASA EN VENTA - URUBO;Buen estado;Condominio Santa Cruz de La Colina, Urubó, Santa Cruz;¡Preguntale!;5;3;635 m2;2;331 m2;3;U$S 249.000
E36C1;HERMOSA CASA EN ALQUILER O VENTA;Excelente estado;CALLE 38, Achumani, La Paz;¡Preguntale!;5;3;300 m2;3;365 m2;2;U$S 310.000
6226C;Propiedad a estrenar;A estrenar;Sacaba, Cochabamba;¡Preguntale!;5;3;333 m2;¡Preguntale!;100 m2;¡Preguntale!;U$S 145.000
P591A8;CASA EN VENTA ACHUMANI CONDOMINIO PRIVADO;Excelente estado;Av. Alexander, Achumani, La Paz;¡Preguntale!;3;3;175 m2;2;300 m2;2;U$S 230.000
K38D71;CONDOMINIO RIVIERA PARAISO 1 - CASAS EN VENTA ZONA NORTE;A estrenar;ENTRANDO POR MAINTER 8VO ANILLO BANZER, Remanso, Santa Cruz;2022;3;2;187 m2;1;115 m2;2;U$S 89.900
KB10D8;Remanso - Zona Norte Entre 7mo y 8vo anillo;A estrenar;Remanso, Av. Banzer entre 7mo y 8vo Anillo, Remanso, Santa Cruz;2022;3;3;160 m2;2;165 m2;2;U$S 122.900
AC8160;Casa a estrenar zona ESTE;A estrenar;Avenida lujan 8vo anillo, Norte, Santa Cruz;1;2;2;180 m2;1;69 m2;1;U$S 45.000
840EB;Urbanización Las Orquídeas;En construcción;Carretera a Cotoca a Solo 12 minutos del 4to. anillo., Norte, Santa Cruz;¡Preguntale!;3;1;300 m2;1;250 m2;¡Preguntale!;U$S 45.500
F41A97;Elegante Casa en Condominio Fontana Riviera 1;Excelente estado;Km 8 y medio entre Av. G77 y Avenida Internacional, Norte, Santa Cruz;2018;None;2;412 m2;1;130 m2;2;U$S 105.000
DA08AF;Amplia y Confortable Casa en Venta Urubo Cond. Bella Flor;Excelente estado;Condominio Bella Flor Urubo , Urubó, Santa Cruz;2021;4;3;756 m2;2;492 m2;3;U$S 290.000
T7A36B;Casa en Venta - Condominio Colonial;A estrenar;Km 9 entre a 2 minutos de la Banzer, Norte, Santa Cruz;2022;3;2;145 m2;2;148 m2;2;U$S 95.000
NF8F04;En Venta casa independiente zona este av. Virgen de cotoca;Excelente estado;virgen de cotoca 8anillo , Este, Santa Cruz;¡Preguntale!;3;2;235 m2;1;110 m2;1;U$S 50.000
XC2BA3;Excelente oportunidad ubicación inigualable Roca y Coronado linda casa en venta;Buen estado;4to anillo, Oeste, Santa Cruz;¡Preguntale!;3;3;265 m2;1;140 m2;2;U$S 154.000
KADEB5;En Oferta Casa en Venta Condominio La Fontana La Riviera I;Excelente estado;G77, Norte, Santa Cruz;2017;3;2;231 m2;1;9.571 m2;1;U$S 91.000
T347A2;HERMOSA CASA EN VENTA DE DOS PLANTAS EN PRECIO ESPECIAL;A estrenar;Sur, Santa Cruz;¡Preguntale!;3;3;180 m2;1;130 m2;1;U$S 110.000
E45D0;CASA EN BARRIO LAS PALMAS SOBRE AVENIDA;Requiere mantenimiento;barrio las palmas, Las palmas, Santa Cruz;¡Preguntale!;4;3;890 m2;2;500 m2;3;U$S 660.000
DA19FF;CASA EN VENTA 7MO ANILLO AV BANZER;A estrenar;Norte, Santa Cruz;¡Preguntale!;3;2;200 m2;1;120 m2;¡Preguntale!;U$S 92.000
EF7F2C;Zona Norte - Cond. Las Brisas - 4 dormitorios;Excelente estado;Av. Banzer Km. 8.5, entrando por la Chonta , Norte, Santa Cruz;2018;4;3;453 m2;2;410 m2;3;U$S 350.000
R7599C;Hermosa casa a la venta zona Sur 8vo anillo Santos Dumont;A estrenar;8vo anillo Santos Dumont Av. Miguel de cervantes, Sur, Santa Cruz;¡Preguntale!;3;2;300 m2;1;120 m2;1;U$S 65.000
Y4047F;CASA EN VENTA AV. BENI ZONA NORTE;A estrenar;Urb. Palos verdes , Norte, Santa Cruz;2022;4;3;210 m2;2;250 m2;3;U$S 125.000
XDDC0C;CASA EN VENTA EN CONDOMINIO 4 DORMITORIOS, 2 EN SUITE ZONA NORTE AV BANZER.;Buen estado;Norte, Santa Cruz;1;5;3;160 m2;1;196 m2;2;U$S 118.000
E67487;Condominio Palmeras de Asai;A estrenar;Km. 8 1/2 al norte (Entrada de Mainter) , Norte, Santa Cruz;2022;3;3;160 m2;2;125 m2;3;U$S 85.900
2571C;URGENTE EN VENTA UNA CASA;Buen estado;Av. Final Cochabamba, entre Calle 10 y Tarija #1733 frente a complejo deportivo, 1ro de Mayo, El alto;2016;5;2;270 m2;1;110 m2;2;U$S 59.000
X49B00;CASA EN VENTA A ESTRENAR Cumavi 8vo anillo Av internacional;Buen estado;cumavi 8vo anillo Av internacional, Este, Santa Cruz;2021;3;3;274 m2;2;135 m2;2;U$S 84.000
E62C2B;CASAS GEMELAS A ESTRENAR DE 3 DORMÍTORIOS EN VENTA;A estrenar;Km 12 Barrio Nueva Esperanza a 3 minutos de la Avenida Doble Vía La Guardia, Doble via la guardia, Santa Cruz;2022;3;2;240 m2;1;160 m2;2;U$S 56.000
MEC8DB;CASA EN VENTA;Excelente estado;Ubicado 6to y 7mo anillo de la radial 10 entrando a una, Sur, Santa Cruz;¡Preguntale!;3;2;440 m2;1;105 m2;3;U$S 75.000
C6A2E5;CASA EN VENTA ZONA ESTE;A estrenar;9NO ANILLO CARRETERA A COTOCA ENTRANDO POR LA URBANIZACION PALMA VERDE , Este, Santa Cruz;2022;3;3;150 m2;2;135 m2;2;U$S 69.500
D64044;CASA EN VENTA;Excelente estado;Ubicado en Sevilla las terrazas II, Norte, Santa Cruz;¡Preguntale!;3;2;180 m2;1;95 m2;2;U$S 85.000
LAD28A;Casa en Venta Satélite Norte Urb. Juan Pablo II;Buen estado;Satélite Norte Urb. Juan Pablo II, Norte, Santa Cruz;2020;5;1;345 m2;1;148 m2;3;U$S 70.000
K27BA8;CASA EN VENTA 4 DORMITORIOS. CARRETERA A COTOCA KM 9.;Excelente estado;CARRETERA A COTOCA KM 9., Norte, Santa Cruz;2018;2;3;214 m2;2;220 m2;3;U$S 79.000
F77AD1;CASA EN VENTA URUBO SOBRE CARRETERA;Excelente estado;COND. LOMAS DEL BOSQUE, Urubó, Santa Cruz;2;3;3;377 m2;2;240 m2;2;U$S 205.000
K3A57D;CASA EN VENTA ZONA NORTE, COND. LA FONTANA RIVIERA 1;Buen estado;Av.G77, Norte, Santa Cruz;2017;3;2;262 m2;1;100 m2;2;U$S 105.000
O67B54;CASA DE 3 DORMITORIOS EN VENTA EN ZONA ESTE CONDOMINIO VILLAS DEL ESTE 3;A estrenar;VIRGEN DE COTOCA ENTRE 8VO Y 9NO ANILLO, Este, Santa Cruz;2023;3;3;170 m2;2;200 m2;2;U$S 78.000
C5BEF6;CASA EN VENTA ZONA NORTE CUIDAD JARDIN 6 TO ANILLO;Excelente estado;NORTE, Norte, Santa Cruz;5;3;3;414 m2;2;350 m2;2;U$S 370.000
